中文名,inchikey
牛蒡子,VUNCHONBJWJYID-DLBZAZTESA-N
牛蒡子,GMLDZDDTZKXJLU-JKSUJKDBSA-N
牛蒡子,NQWVSMVXKMHKTF-CVEARBPZSA-N
牛蒡子,LSSNBHGWOAHIQS-LSDHHAIUSA-N
牛蒡子,QAIPRVGONGVQAS-RQOWECAXSA-N
牛蒡子,YDDUMTOHNYZQPO-PSEXTPKNSA-N
牛蒡子,GWYFCOCPABKNJV-UHFFFAOYSA-N
牛蒡子,ISAVYTVYFVQUDY-UHFFFAOYSA-N
牛蒡子,IKHGUXGNUITLKF-UHFFFAOYSA-N
牛蒡子,UUUXPUGZNDRYSV-GCKMJXCFSA-N
牛蒡子,NQWVSMVXKMHKTF-JKSUJKDBSA-N
牛蒡子,XOJVHLIYNSOZOO-SWOBOCGESA-N
牛蒡子,IAJBQAYHSQIQRE-UHFFFAOYSA-N
牛蒡子,HUMNYLRZRPPJDN-UHFFFAOYSA-N
牛蒡子,KZJWDPNRJALLNS-VJSFXXLFSA-N
牛蒡子,QAIPRVGONGVQAS-DUXPYHPUSA-N
牛蒡子,CWVRJTMFETXNAD-JUHZACGLSA-N
牛蒡子,WTEVQBCEXWBHNA-JXMROGBWSA-N
牛蒡子,YDDUMTOHNYZQPO-RVXRWRFUSA-N
牛蒡子,NPJICTMALKLTFW-OFUAXYCQSA-N
牛蒡子,JKCVMTYNARDGET-HOTGVXAUSA-N
牛蒡子,GRBHNQFQFHLCHO-BHMAJAPKSA-N
牛蒡子,MQYXUWHLBZFQQO-QGTGJCAVSA-N
牛蒡子,IQPNAANSBPBGFQ-UHFFFAOYSA-N
牛蒡子,MATGKVZWFZHCLI-LSDHHAIUSA-N
牛蒡子,NOZAJYKZMCFNFG-DGKKXOEVSA-N
牛蒡子,REFJWTPEDVJJIY-UHFFFAOYSA-N
牛蒡子,DUBCCGAQYVUYEU-ZUGPOPFOSA-N
牛蒡子,OXGUCUVFOIWWQJ-HQBVPOQASA-N
牛蒡子,RKFAZBXYICVSKP-AATRIKPKSA-N
牛蒡子,WCGUUGGRBIKTOS-GPOJBZKASA-N
牛蒡子,WSFSSNUMVMOOMR-UHFFFAOYSA-N
牛蒡子,QKIQAUSGMKJYFS-CWFCOSEVSA-N
牛蒡子,CWVRJTMFETXNAD-KJOPMHRFSA-N
牛蒡子,CWVRJTMFETXNAD-NXLLHMKUSA-N
牛蒡子,YDDUMTOHNYZQPO-GCBRTHAASA-N
牛蒡子,CATSNJVOTSVZJV-UHFFFAOYSA-N
牛蒡子,IIYFAKIEWZDVMP-UHFFFAOYSA-N
牛蒡子,NQWVSMVXKMHKTF-UHFFFAOYSA-N
牛蒡子,VWDLOXMZIGUBKM-AUGXRQBFSA-N
牛蒡子,NIONDZDPPYHYKY-SNAWJCMRSA-N
牛蒡子,ZROGCCBNZBKLEL-MPRHSVQHSA-N
牛蒡子,DTUQWGWMVIHBKE-UHFFFAOYSA-N
牛蒡子,AAGCATAPYOEULE-LHHMAMHXSA-N
前胡,FWYSBEAFFPBAQU-GFCCVEGCSA-N
前胡,ALEQYOXVXJKFOM-MKKAWSSWSA-N
前胡,HKXQUNNSKMWIKJ-YPMHNXCESA-N
前胡,XGPBRZDOJDLKOT-YRCPKEQFSA-N
前胡,JJPSZKIOGBRMHK-UHFFFAOYSA-N
前胡,HHNCJFKRMZDTHW-WQRDJFRPSA-N
前胡,GOLORTLGFDVFDW-UHFFFAOYSA-N
前胡,LJYPJWICCCIAKW-GOTSBHOMSA-N
前胡,UHWIZIJICYWABA-GOTSBHOMSA-N
前胡,OIRDTQYFTABQOQ-KQYNXXCUSA-N
前胡,BGEBZHIAGXMEMV-UHFFFAOYSA-N
前胡,KZJWDPNRJALLNS-VJSFXXLFSA-N
前胡,FERIUCNNQQJTOY-UHFFFAOYSA-N
前胡,JRIBPWOXWIRQOQ-GHAIFCDISA-N
前胡,ZYGHJZDHTFUPRJ-UHFFFAOYSA-N
前胡,NPJICTMALKLTFW-OFUAXYCQSA-N
前胡,ZFMSMUAANRJZFM-UHFFFAOYSA-N
前胡,QWCNQXNAFCBLLV-YWALDVPYSA-N
前胡,QWCNQXNAFCBLLV-KJGFWLTQSA-N
前胡,DFMAXQKDIGCMTL-UHFFFAOYSA-N
前胡,FBPFZTCFMRRESA-KVTDHHQDSA-N
前胡,QXKHYNVANLEOEG-UHFFFAOYSA-N
前胡,HXCGUCZXPFBNRD-DNLMCPORSA-N
前胡,INBMTJJPUABOQJ-VGOFMYFVSA-N
前胡,IPCSVZSSVZVIGE-UHFFFAOYSA-N
前胡,OLOOJGVNMBJLLR-UHFFFAOYSA-N
前胡,YQBNJPACAUPNLV-UHFFFAOYSA-N
前胡,XGPBRZDOJDLKOT-NXIDYTHLSA-N
前胡,PNTWXEIQXBRCPS-FNCQTZNRSA-N
前胡,RODXRVNMMDRFIK-UHFFFAOYSA-N
前胡,BUTUNJHEBGRWGK-QZTJIDSGSA-N
前胡,HCXVJBMSMIARIN-PHZDYDNGSA-N
前胡,QJVXKWHHAMZTBY-GCPOEHJPSA-N
前胡,AIGAZQPHXLWMOJ-UHFFFAOYSA-N
前胡,HYXITZLLTYIPOF-UHFFFAOYSA-N
前胡,ORHBXUUXSCNDEV-UHFFFAOYSA-N
前胡,HHNCJFKRMZDTHW-QHQPLOKBSA-N
前胡,HKXQUNNSKMWIKJ-WCQYABFASA-N
前胡,HKXQUNNSKMWIKJ-UHFFFAOYSA-N
前胡,CSRPMFCRBOSISJ-CYBMUJFWSA-N
前胡,LYUZYPKZQDYMEE-YRCPKEQFSA-N
前胡,CUKSFECWKQBVED-MRXNPFEDSA-N
前胡,SXPBJYHKMRWZNA-ZITSYKRSSA-N
前胡,HKXQUNNSKMWIKJ-DGCLKSJQSA-N
前胡,FWYSBEAFFPBAQU-LBPRGKRZSA-N
前胡,PMZIJDMODGMWOR-UHFFFAOYSA-N
前胡,HKXQUNNSKMWIKJ-AAEUAGOBSA-N
前胡,XYFXTIBDEAZMAH-UHFFFAOYSA-N
前胡,BTLXPCBPYBNQNR-UHFFFAOYSA-N
前胡,AGABNGOXUSXQDD-XKGFZTIGSA-N
前胡,QPLSCFLMIOADPA-LNUYWUECSA-N
五味子,BJEPYKJPYRNKOW-UWTATZPHSA-N
五味子,YHGVYECWZWIVJC-GEXBJSHGSA-N
五味子,ZENZJGDPWWLORF-MDZDMXLPSA-N
五味子,WLAMNBDJUVNPJU-SCSAIBSYSA-N
五味子,WLAMNBDJUVNPJU-BYPYZUCNSA-N
五味子,XMGQYMWWDOXHJM-UHFFFAOYSA-N
五味子,WUOACPNHFRMFPN-UHFFFAOYSA-N
五味子,WLAMNBDJUVNPJU-UHFFFAOYSA-N
五味子,IGFHQQFPSIBGKE-UHFFFAOYSA-N
五味子,NOEGNKMFWQHSLB-UHFFFAOYSA-N
五味子,ITYNGVSTWVVPIC-DHGKCCLASA-N
五味子,RGZSQWQPBWRIAQ-CABCVRRESA-N
五味子,GRWFGVWFFZKLTI-UHFFFAOYSA-N
五味子,CIWBSHSKHKDKBQ-JLAZNSOCSA-N
五味子,QDDILOVMGWUNGD-UONOGXRCSA-N
五味子,WPYMKLBDIGXBTP-UHFFFAOYSA-N
五味子,AZQOQICAWOAGEN-UHFFFAOYSA-N
五味子,ZWRRJEICIPUPHZ-MYODQAERSA-N
五味子,NPNUFJAVOOONJE-GFUGXAQUSA-N
五味子,OJYKYCDSGQGTRJ-GQYWAMEOSA-N
五味子,VPDZRSSKICPUEY-JEPMYXAXSA-N
五味子,RGZSQWQPBWRIAQ-LOACHALJSA-N
五味子,CWVRJTMFETXNAD-JUHZACGLSA-N
五味子,HVYWMOMLDIMFJA-DPAQBDIFSA-N
五味子,WTEVQBCEXWBHNA-JXMROGBWSA-N
五味子,KRKNYBCHXYNGOX-UHFFFAOYSA-N
五味子,QMVPMAAFGQKVCJ-UHFFFAOYSA-N
五味子,JOZKFWLRHCDGJA-UHFFFAOYSA-N
五味子,NXJCRELRQHZBQA-UHFFFAOYSA-N
五味子,HFGSQOYIOKBQOW-ZSDYHTTISA-N
五味子,NGSWKAQJJWESNS-ZZXKWVIFSA-N
五味子,WTWBUQJHJGUZCY-UHFFFAOYSA-N
五味子,VOMDIEGPEURZJO-UHFFFAOYSA-N
五味子,DOIRQSBPFJWKBE-UHFFFAOYSA-N
五味子,YUFFSWGQGVEMMI-JLNKQSITSA-N
五味子,GWDFJIBHVSYXQL-ZKTNFTSUSA-N
五味子,CRDAMVZIKSXKFV-YFVJMOTDSA-N
五味子,HYBBIBNJHNGZAN-UHFFFAOYSA-N
五味子,WXTMDXOMEHJXQO-UHFFFAOYSA-N
五味子,GLZPCOQZEFWAFX-JXMROGBWSA-N
五味子,SZNLKILVMCHHSD-OZFNKYQOSA-N
五味子,GAIBLDCXCZKKJE-RXJOXMPGSA-N
五味子,UFCGDBKFOKKVAC-DSASHONVSA-N
五味子,LCQKYZXWCLBYHK-WIKKSFEZSA-N
五味子,OFDWKHIQKPKRKY-DSASHONVSA-N
五味子,PICOUNAPKDEPCA-TXEJJXNPSA-N
五味子,GWDFJIBHVSYXQL-SYTFOFBDSA-N
五味子,RSAHICAPUYTWHW-UHFFFAOYSA-N
五味子,FUZZWVXGSFPDMH-UHFFFAOYSA-N
五味子,OVSQVDMCBVZWGM-DTGCRPNFSA-N
五味子,OVSQVDMCBVZWGM-QSOFNFLRSA-N
五味子,RTZKSTLPRTWFEV-QWHCGFSZSA-N
五味子,XMGQYMWWDOXHJM-JTQLQIEISA-N
五味子,CDOSHBSSFJOMGT-UHFFFAOYSA-N
五味子,CDOSHBSSFJOMGT-JTQLQIEISA-N
五味子,ADFOLUXMYYCTRR-OKILXGFUSA-N
五味子,UAHWPYUMFXYFJY-UHFFFAOYSA-N
五味子,OGJPBGDUYKEQLA-NEPJUHHUSA-N
五味子,PDDXWOMYBJCSQB-NEPJUHHUSA-N
五味子,PDDXWOMYBJCSQB-NWDGAFQWSA-N
五味子,JEJFTTRHGBKKEI-UHFFFAOYSA-N
五味子,VLLFEMVDMFTBHG-KMIFWYFFSA-N
五味子,UFWIBTONFRDIAS-UHFFFAOYSA-N
五味子,GLZPCOQZEFWAFX-YFHOEESVSA-N
五味子,FQTLCLSUCSAZDY-QKXCFHHRSA-N
五味子,FQTLCLSUCSAZDY-SDNWHVSQSA-N
五味子,NJFOSFIPGRXARF-BRTULJEKSA-N
五味子,HCZKYJDFEPMADG-UHFFFAOYSA-N
五味子,ZENZJGDPWWLORF-KTKRTIGZSA-N
五味子,FJKROLUGYXJWQN-UHFFFAOYSA-N
五味子,YJGVMLPVUAXIQN-XVVDYKMHSA-N
五味子,YQUVCSBJEUQKSH-UHFFFAOYSA-N
五味子,REFJWTPEDVJJIY-UHFFFAOYSA-N
五味子,IKGXIBQEEMLURG-NVPNHPEKSA-N
五味子,YGSDEFSMJLZEOE-UHFFFAOYSA-N
五味子,VBNGAFROWJLPCL-MYYSRTQBSA-N
五味子,JEJFTTRHGBKKEI-OKILXGFUSA-N
五味子,RTZKSTLPRTWFEV-UHFFFAOYSA-N
五味子,HTBWBWWADZJXID-TXEJJXNPSA-N
五味子,FYSHYFPJBONYCQ-QWHCGFSZSA-N
五味子,BKGUPIVDQHHVMV-RZGKOBFOSA-N
五味子,YEFOAORQXAOVJQ-RZFZLAGVSA-N
五味子,JMSVCTWVEWCHDZ-UHFFFAOYSA-N
五味子,ZSAUXCVJDYCLRS-QEEHVONISA-N
五味子,BKGUPIVDQHHVMV-TWJXSMCESA-N
五味子,RTZKSTLPRTWFEV-OLZOCXBDSA-N
五味子,UFCGDBKFOKKVAC-UHFFFAOYSA-N
五味子,HFPZCAJZSCWRBC-UHFFFAOYSA-N
五味子,XZRVRYFILCSYSP-UHFFFAOYSA-N
五味子,IHPKGUQCSIINRJ-CSKARUKUSA-N
五味子,XZRVRYFILCSYSP-OAHLLOKOSA-N
五味子,HVYWMOMLDIMFJA-FNOPAARDSA-N
五味子,NGSWKAQJJWESNS-UTCJRWHESA-N
五味子,QMVPMAAFGQKVCJ-SNVBAGLBSA-N
五味子,BKGUPIVDQHHVMV-ZQJDBEKWSA-N
五味子,RGZSQWQPBWRIAQ-LSDHHAIUSA-N
五味子,TUSIZTVSUSBSQI-UHFFFAOYSA-N
五味子,OPFTUNCRGUEPRZ-QLFBSQMISA-N
五味子,GNGUMAGSNTVFLB-UHFFFAOYSA-N
五味子,QCCDLTOVEPVEJK-UHFFFAOYSA-N
五味子,DTGKSKDOIYIVQL-DXEWVWIPSA-N
五味子,FQTLCLSUCSAZDY-UHFFFAOYSA-N
五味子,GRWFGVWFFZKLTI-RKDXNWHRSA-N
五味子,LSQXNMXDFRRDSJ-UHFFFAOYSA-N
五味子,GYHFUZHODSMOHU-UHFFFAOYSA-N
五味子,BPLQKQKXWHCZSS-UHFFFAOYSA-N
五味子,CRPUJAZIXJMDBK-BDAKNGLRSA-N
五味子,RLRKIWSBYUZHIJ-OKILXGFUSA-N
五味子,CVBUKMMMRLOKQR-UHFFFAOYSA-N
五味子,IGODOXYLBBXFDW-UHFFFAOYSA-N
五味子,NPNUFJAVOOONJE-FLFDDASRSA-N
五味子,DTGKSKDOIYIVQL-WEDXCCLWSA-N
五味子,XCXKZBWAKKPFCJ-UHFFFAOYSA-N
五味子,FQTLCLSUCSAZDY-KAMYIIQDSA-N
五味子,KYWIYKKSMDLRDC-UHFFFAOYSA-N
五味子,YTZKOQUCBOVLHL-UHFFFAOYSA-N
五味子,KGEKLUUHTZCSIP-UHFFFAOYSA-N
五味子,PGEJVRVFUGSAJF-SSEZWIOCSA-N
五味子,GAIBLDCXCZKKJE-RGZOGPIRSA-N
五味子,FQTLCLSUCSAZDY-SZGZABIGSA-N
五味子,DTGKSKDOIYIVQL-QXFUBDJGSA-N
五味子,YHQGMYUVUMAZJR-UHFFFAOYSA-N
五味子,ZSAUXCVJDYCLRS-XSIRQHFTSA-N
五味子,KMTKKULOWMDTND-BUBHHJDNSA-N
五味子,MNMNTZYOZZLKSV-UHFFFAOYSA-N
五味子,WRYLYDPHFGVWKC-UHFFFAOYSA-N
五味子,ITYNGVSTWVVPIC-PDWCTOEPSA-N
五味子,FUCYIEXQVQJBKY-ZFWWWQNUSA-N
五味子,DTGKSKDOIYIVQL-UHFFFAOYSA-N
五味子,NIQCNGHVCWTJSM-UHFFFAOYSA-N
五味子,CRPUJAZIXJMDBK-DTWKUNHWSA-N
五味子,YOVSPTNQHMDJAG-QLFBSQMISA-N
五味子,JEJFTTRHGBKKEI-KBPBESRZSA-N
五味子,NLJJSPKWNBUDNS-MYODQAERSA-N
五味子,MFAYXOLUJJXHCN-YEJLTRTHSA-N
五味子,MOYAFQVGZZPNRA-UHFFFAOYSA-N
五味子,FNANNZAGLCKFOL-ZKTNFTSUSA-N
五味子,JARKCYVAAOWBJS-UHFFFAOYSA-N
五味子,GRWFGVWFFZKLTI-IUCAKERBSA-N
五味子,BJEPYKJPYRNKOW-UHFFFAOYSA-N
五味子,VKCYHJWLYTUGCC-UHFFFAOYSA-N
五味子,CQUAYTJDLQBXCQ-NHYWBVRUSA-N
五味子,BKGUPIVDQHHVMV-ATODGADHSA-N
五味子,WRMNZCZEMHIOCP-UHFFFAOYSA-N
五味子,ZWRRJEICIPUPHZ-SFDCACGMSA-N
五味子,CRDAMVZIKSXKFV-GNESMGCMSA-N
五味子,LFJQCDVYDGGFCH-UHFFFAOYSA-N
五味子,YKFLAYDHMOASIY-UHFFFAOYSA-N
五味子,CXENHBSYCFFKJS-VDQVFBMKSA-N
五味子,OFNISBHGPNMTMS-UHFFFAOYSA-N
五味子,FYSHYFPJBONYCQ-UHFFFAOYSA-N
五味子,LVBXEMGDVWVTGY-VOTSOKGWSA-N
五味子,OUDFNZMQXZILJD-UHFFFAOYSA-N
五味子,BKGUPIVDQHHVMV-WTVLMFSLSA-N
五味子,XMGQYMWWDOXHJM-SNVBAGLBSA-N
五味子,MJFWZSINVRYQFD-SAHAZLINSA-N
五味子,WRYLYDPHFGVWKC-JTQLQIEISA-N
五味子,HOPDFAWBFXSPSA-FHGNATFXSA-N
五味子,IHPKGUQCSIINRJ-UHFFFAOYSA-N
五味子,KGEKLUUHTZCSIP-HOSYDEDBSA-N
五味子,VAJVDSVGBWFCLW-UHFFFAOYSA-N
五味子,ZWRRJEICIPUPHZ-DAOPMYJZSA-N
五味子,BKGUPIVDQHHVMV-LSHKVNPSSA-N
五味子,OWBTYPJTUOEWEK-UHFFFAOYSA-N
五味子,WTARULDDTDQWMU-UHFFFAOYSA-N
五味子,NDVASEGYNIMXJL-UHFFFAOYSA-N
五味子,IBVJWOMJGCHRRW-UHFFFAOYSA-N
五味子,YTAKUZMOQQARQX-NEPJUHHUSA-N
五味子,CRPUJAZIXJMDBK-UHFFFAOYSA-N
麻黄,HUKSJTUUSUGIDC-BDJLRTHQSA-N
麻黄,NSRJSISNDPOJOP-CZUORRHYSA-N
麻黄,DLNKOYKMWOXYQA-CBAPKCEASA-N
麻黄,KTAQQSUPNZAWEY-OSPHWJPCSA-N
麻黄,JJOUBYOHNYJCOU-IBGZPJMESA-N
麻黄,PEFNSGRTCBGNAN-RQXATKFSSA-N
麻黄,DDKGKOOLFLYZDL-UHFFFAOYSA-N
麻黄,YRCWQPVGYLYSOX-VIFPVBQESA-N
麻黄,XLSZMDLNRCVEIJ-UHFFFAOYSA-N
麻黄,LPEPZZAVFJPLNZ-SFHVURJKSA-N
麻黄,RQAMSFTXEFSBPK-UHFFFAOYSA-N
麻黄,KZNIFHPLKGYRTM-UHFFFAOYSA-N
麻黄,WUADCCWRTIWANL-UHFFFAOYSA-N
麻黄,ZZAJQOPSWWVMBI-UHFFFAOYSA-N
麻黄,DLNKOYKMWOXYQA-IONNQARKSA-N
麻黄,FSNCEEGOMTYXKY-JTQLQIEISA-N
麻黄,HKQYGTCOTHHOMP-UHFFFAOYSA-N
麻黄,GSGVDKOCBKBMGG-UHFFFAOYSA-N
麻黄,KYFBXCHUXFKMGQ-IBGZPJMESA-N
麻黄,SMOFGXHPWCTYQD-UHFFFAOYSA-N
麻黄,PIAPWPAWQGDOMN-SXAWMYDMSA-N
麻黄,XMUPAAIHKAIUSU-QRQCRPRQSA-N
麻黄,OGBMVWVBHWHRGD-MWTRTKDXSA-N
麻黄,PMFICSJNAUBMIQ-QRQCRPRQSA-N
麻黄,YLTPWCZXKJSORQ-GYCJOSAFSA-N
麻黄,TVMHBSODLWMMMV-UHFFFAOYSA-N
麻黄,JYIJIIVLEOETIQ-XDQVBPFNSA-N
麻黄,IQPNAANSBPBGFQ-UHFFFAOYSA-N
麻黄,HUKSJTUUSUGIDC-ZBEGNZNMSA-N
麻黄,FMCGSUUBYTWNDP-UMJHXOGRSA-N
麻黄,TUNFSRHWOTWDNC-UHFFFAOYSA-N
麻黄,CULUKMPMGVXCEI-VHSXEESVSA-N
麻黄,FQEQMASDZFXSJI-UPJWGTAASA-N
麻黄,PFTQIVMILQKDQN-PEBXRYMYSA-N
麻黄,YRCWQPVGYLYSOX-UHFFFAOYSA-N
麻黄,IPCSVZSSVZVIGE-UHFFFAOYSA-N
麻黄,BVQVLAIMHVDZEL-UHFFFAOYSA-N
麻黄,DLNKOYKMWOXYQA-UHFFFAOYSA-N
麻黄,KWGRBVOPPLSCSI-WCBMZHEXSA-N
麻黄,YLZYAUCOYZKLMA-SJCJKPOMSA-N
麻黄,REFJWTPEDVJJIY-UHFFFAOYSA-N
麻黄,IKGXIBQEEMLURG-NVPNHPEKSA-N
麻黄,RODXRVNMMDRFIK-UHFFFAOYSA-N
麻黄,VMLJAWUWVVHRNG-UHFFFAOYSA-N
麻黄,XRYVAQQLDYTHCL-CMJOXMDJSA-N
麻黄,ORHBXUUXSCNDEV-UHFFFAOYSA-N
麻黄,MMPVAPMCVABQPS-UHFFFAOYSA-N
麻黄,ORXQGKIUCDPEAJ-YRNVUSSQSA-N
麻黄,CDDHEMJXKBELBO-NHYWBVRUSA-N
麻黄,KWGRBVOPPLSCSI-WPRPVWTQSA-N
麻黄,AAGFPTSOPGCENQ-JLNYLFASSA-N
麻黄,RFFOTVCVTJUTAD-UHFFFAOYSA-N
麻黄,YLZYAUCOYZKLMA-SJKOYZFVSA-N
麻黄,ZSBXGIUJOOQZMP-JLNYLFASSA-N
麻黄,BHUYSRSLUYYMHB-JEQMPJCPSA-N
麻黄,BALXUFOVQVENIU-KXNXZCPBSA-N
麻黄,ZSBXGIUJOOQZMP-KYEXWDHISA-N
麻黄,KSEBMYQBYZTDHS-UHFFFAOYSA-N
麻黄,VQYBAEAOOJBSTR-QHSBEEBCSA-N
麻黄,ZSBXGIUJOOQZMP-BHPKHCPMSA-N
麻黄,DLNKOYKMWOXYQA-APPZFPTMSA-N
麻黄,WUOACPNHFRMFPN-SECBINFHSA-N
麻黄,RWGCPRXNEWRKMS-QHSBEEBCSA-N
麻黄,AAGFPTSOPGCENQ-BHPKHCPMSA-N
麻黄,SOYHFIGRYCLZKD-UHFFFAOYSA-N
麻黄,PTDAHAWQAGSZDD-IOVCITQVSA-N
麻黄,CWVRJTMFETXNAD-NXLLHMKUSA-N
麻黄,VBOYLFNGTSLAAZ-SFHVURJKSA-N
麻黄,FMCGSUUBYTWNDP-ONGXEEELSA-N
麻黄,WZKRTWRYJWGESZ-ZSLBOAEBSA-N
麻黄,GIFKZTHWWIZJET-SFHVURJKSA-N
麻黄,FINHMKGKINIASC-UHFFFAOYSA-N
麻黄,GWVGVAPNTKLROZ-KRWDZBQOSA-N
麻黄,WUVYENIUARJBNM-JLNYLFASSA-N
麻黄,UMKKAPDEEXWINW-ZHVPDQJESA-N
麻黄,KWGRBVOPPLSCSI-SCZZXKLOSA-N
麻黄,QAIPRVGONGVQAS-UHFFFAOYSA-N
麻黄,VGSYCWGXBYZLLE-QEEQPWONSA-N
麻黄,FSVSZUSRBSSHLQ-FGXGINFVSA-N
麻黄,YMFHPDSLZLTSMC-MFYRMPRMSA-N
麻黄,MMCQRJPAMIHLQX-ZOWXZIJZSA-N
麻黄,DLNKOYKMWOXYQA-VXNVDRBHSA-N
麻黄,NNBXZDZKDHWELJ-KRWDZBQOSA-N
麻黄,HAPHBHKQJIPUEP-WHPHWUKISA-N
麻黄,PUAQLLVFLMYYJJ-UHFFFAOYSA-N
麻黄,NADCVNHITZNGJU-UHFFFAOYSA-N
麻黄,FQEQMASDZFXSJI-JHJVBQTASA-N
麻黄,UJFILKCKDPSIPS-FGXGINFVSA-N
麻黄,RQKFOGXUTRDQPB-UHFFFAOYSA-N
麻黄,YWHHRFNOJTVNBI-LBEFLKDASA-N
麻黄,CWVRJTMFETXNAD-NCZKRNLISA-N
麻黄,YWHHRFNOJTVNBI-HVVPNVAPSA-N
麻黄,JTWPUVIWKODBID-WHPHWUKISA-N
麻黄,RAGVUCIHXGJGEQ-YLXLXVFQSA-N
麻黄,PUAQLLVFLMYYJJ-ZETCQYMHSA-N
麻黄,HTAZIHDXIUPDQP-UHFFFAOYSA-N
麻黄,JZQKTMZYLHNFPL-BLHCBFLLSA-N
麻黄,SDDBCEWUYXVGCQ-UHFFFAOYSA-N
麻黄,WUOACPNHFRMFPN-UHFFFAOYSA-N
麻黄,BSAIUMLZVGUGKX-BQYQJAHWSA-N
麻黄,SWUARLUWKZWEBQ-CLFYSBASSA-N
麻黄,KXKVLQRXCPHEJC-UHFFFAOYSA-N
麻黄,HUMNYLRZRPPJDN-UHFFFAOYSA-N
麻黄,MGWAVDBGNNKXQV-UHFFFAOYSA-N
麻黄,RECUKUPTGUEGMW-UHFFFAOYSA-N
麻黄,WTWBUQJHJGUZCY-UHFFFAOYSA-N
麻黄,RSYUFYQTACJFML-UKRRQHHQSA-N
麻黄,WEEGYLXZBRQIMU-UHFFFAOYSA-N
麻黄,FWKQNCXZGNBPFD-UHFFFAOYSA-N
麻黄,ZDOTZEDNGNPOEW-UHFFFAOYSA-N
麻黄,IYRMWMYZSQPJKC-UHFFFAOYSA-N
麻黄,CDOSHBSSFJOMGT-JTQLQIEISA-N
麻黄,QPJVMBTYPHYUOC-UHFFFAOYSA-N
麻黄,IVSZLXZYQVIEFR-UHFFFAOYSA-N
麻黄,UAHWPYUMFXYFJY-UHFFFAOYSA-N
麻黄,GLZPCOQZEFWAFX-YFHOEESVSA-N
麻黄,KBPLFHHGFOOTCA-UHFFFAOYSA-N
麻黄,BHHGXPLMPWCGHP-UHFFFAOYSA-N
麻黄,URLKBWYHVLBVBO-UHFFFAOYSA-N
麻黄,PPBRXRYQALVLMV-UHFFFAOYSA-N
麻黄,MGSRCZKZVOBKFT-UHFFFAOYSA-N
麻黄,HFPZCAJZSCWRBC-UHFFFAOYSA-N
麻黄,QMVPMAAFGQKVCJ-SNVBAGLBSA-N
麻黄,VSMOENVRRABVKN-QMMMGPOBSA-N
麻黄,KYZHGEFMXZOSJN-UHFFFAOYSA-N
麻黄,OIGWAXDAPKFNCQ-UHFFFAOYSA-N
麻黄,GRWFGVWFFZKLTI-RKDXNWHRSA-N
麻黄,CJPNOLIZCWDHJK-UHFFFAOYSA-N
麻黄,GYHFUZHODSMOHU-UHFFFAOYSA-N
麻黄,YSTPAHQEHQSRJD-SECBINFHSA-N
麻黄,QJJDNZGPQDGNDX-UHFFFAOYSA-N
麻黄,IANQTJSKSUMEQM-UHFFFAOYSA-N
麻黄,UHEPJGULSIKKTP-UHFFFAOYSA-N
麻黄,MNYARIILPGRTQL-UHFFFAOYSA-N
麻黄,FIDUIAPDSKSUGO-UHFFFAOYSA-N
麻黄,UZFLPKAIBPNNCA-BQYQJAHWSA-N
麻黄,RUJPNZNXGCHGID-UHFFFAOYSA-N
麻黄,FBUKVWPVBMHYJY-UHFFFAOYSA-N
麻黄,NIQCNGHVCWTJSM-UHFFFAOYSA-N
麻黄,SGAWOGXMMPSZPB-UHFFFAOYSA-N
麻黄,NDJKXXJCMXVBJW-UHFFFAOYSA-N
麻黄,HQNOUCSPWAGQND-GKLNBGJFSA-N
麻黄,MOYAFQVGZZPNRA-UHFFFAOYSA-N
麻黄,XHXUANMFYXWVNG-ADEWGFFLSA-N
麻黄,YKFLAYDHMOASIY-UHFFFAOYSA-N
麻黄,NMRPBPVERJPACX-UHFFFAOYSA-N
麻黄,XMGQYMWWDOXHJM-SNVBAGLBSA-N
麻黄,WTARULDDTDQWMU-UHFFFAOYSA-N
紫苏叶,GRWFGVWFFZKLTI-UHFFFAOYSA-N
枇杷叶,CRDAMVZIKSXKFV-YFVJMOTDSA-N
紫苏子,FAMPSKZZVDUYOS-HRGUGZIWSA-N
紫苏子,SPCXZDDGSGTVAW-XIDUGBJDSA-N
紫苏子,CXENHBSYCFFKJS-VDQVFBMKSA-N
紫苏子,YIRAHEODBQONHI-ZQNQSHIBSA-N
枇杷叶,KZJWDPNRJALLNS-FBZNIEFRSA-N
紫苏叶,KZJWDPNRJALLNS-FBZNIEFRSA-N
紫苏叶,WTARULDDTDQWMU-UHFFFAOYSA-N
紫苏叶,NPNUFJAVOOONJE-WDZFZDKYSA-N
紫苏叶,QAIPRVGONGVQAS-DUXPYHPUSA-N
紫苏叶,XMGQYMWWDOXHJM-UHFFFAOYSA-N
紫苏子,OYHQOLUKZRVURQ-HZJYTTRNSA-N
五味子,WXQGPFZDVCRBME-QEJZJMRPSA-N
紫苏叶,CRPUJAZIXJMDBK-UHFFFAOYSA-N
枇杷叶,UFLHIIWVXFIJGU-ARJAWSKDSA-N
紫苏叶,NPNUFJAVOOONJE-GFUGXAQUSA-N
紫苏子,NPNUFJAVOOONJE-GFUGXAQUSA-N
紫苏叶,HCXVJBMSMIARIN-KEJCWXRGSA-N
麻黄,WUOACPNHFRMFPN-VIFPVBQESA-N
五味子,WUOACPNHFRMFPN-VIFPVBQESA-N
紫苏叶,HUMNYLRZRPPJDN-UHFFFAOYSA-N
紫苏子,HUMNYLRZRPPJDN-UHFFFAOYSA-N
紫苏子,CSKINCSXMLCMAR-UHFFFAOYSA-N
五味子,YOVSPTNQHMDJAG-RBSFLKMASA-N
五味子,WLNGPDPILFYWKF-OAHLLOKOSA-N
紫苏子,GYHFUZHODSMOHU-UHFFFAOYSA-N
紫苏叶,HFPZCAJZSCWRBC-UHFFFAOYSA-N
紫苏子,ZQPPMHVWECSIRJ-KTKRTIGZSA-N
紫苏叶,RRAFCDWBNXTKKO-UHFFFAOYSA-N
紫苏子,RRAFCDWBNXTKKO-UHFFFAOYSA-N
紫苏叶,CDOSHBSSFJOMGT-JTQLQIEISA-N
紫苏子,CDOSHBSSFJOMGT-JTQLQIEISA-N
五味子,PDSNLYSELAIEBU-GUIRCDHDSA-N
五味子,PDSNLYSELAIEBU-UHFFFAOYSA-N
紫苏子,RXBQNMWIQKOSCS-RKDXNWHRSA-N
紫苏子,IIYFAKIEWZDVMP-UHFFFAOYSA-N
紫苏子,HVYWMOMLDIMFJA-DPAQBDIFSA-N
枇杷叶,WCGUUGGRBIKTOS-GPOJBZKASA-N
紫苏子,WTARULDDTDQWMU-IUCAKERBSA-N
紫苏叶,RUMOYJJNUMEFDD-UHFFFAOYSA-N
紫苏子,XIUXKAZJZFLLDQ-UHFFFAOYSA-N
紫苏子,CRZQGDNQQAALAY-UHFFFAOYSA-N
紫苏子,QYDYPVFESGNLHU-KHPPLWFESA-N
枇杷叶,XUCIJNAGGSZNQT-JHSLDZJXSA-N
枇杷叶,SWYRVCGNMNAFEK-MHXFFUGFSA-N
紫苏子,SECPZKHBENQXJG-FPLPWBNLSA-N
五味子,DVBSKQAFCDJNSL-ILXRZTDVSA-N
紫苏子,DRUKNYVQGHETPO-UHFFFAOYSA-N
紫苏子,KEMQGTRYUADPNZ-UHFFFAOYSA-N
紫苏子,CKDDRHZIAZRDBW-UHFFFAOYSA-N
紫苏子,JGHZJRVDZXSNKQ-UHFFFAOYSA-N
紫苏子,ZAZKJZBWRNNLDS-UHFFFAOYSA-N
紫苏子,RZJRJXONCZWCBN-UHFFFAOYSA-N
紫苏叶,YMBFCQPIMVLNIU-UHFFFAOYSA-N
紫苏子,WEEGYLXZBRQIMU-UHFFFAOYSA-N
紫苏子,VKOBVWXKNCXXDE-UHFFFAOYSA-N
紫苏子,IPCSVZSSVZVIGE-UHFFFAOYSA-N
紫苏子,DTOSIQBPPRVQHS-PDBXOOCHSA-N
紫苏子,QIQXTHQIDYTFRH-UHFFFAOYSA-N
紫苏子,CBFCDTFDPHXCNY-UHFFFAOYSA-N
紫苏叶,YMBFCQPIMVLNIU-KKUMJFAQSA-N
五味子,YHBUQBJHSRGZNF-LULHVWEPSA-N
紫苏子,VLXDPFLIRFYIME-BTFPBAQTSA-N
枇杷叶,FBPFZTCFMRRESA-GUCUJZIJSA-N
麻黄,REZQBEBOWJAQKS-UHFFFAOYSA-N
五味子,SLKPBCXNFNIJSV-HNNXBMFYSA-N
紫苏子,OENHQHLEOONYIE-JLTXGRSLSA-N
紫苏子,BDHQMRXFDYJGII-UEBIAWITSA-N
紫苏子,MMNYKQIDRZNIKT-VSADUBDNSA-N
紫苏叶,BPLQKQKXWHCZSS-UHFFFAOYSA-N
紫苏子,GQEZCXVZFLOKMC-UHFFFAOYSA-N
紫苏子,KZNIFHPLKGYRTM-UHFFFAOYSA-N
麻黄,SOSLMHZOJATCCP-AEIZVZFYSA-N
紫苏子,QMVPMAAFGQKVCJ-SNVBAGLBSA-N
枇杷叶,BRHDDEIRQPDPMG-SCZZXKLOSA-N
枇杷叶,WTARULDDTDQWMU-RKDXNWHRSA-N
紫苏子,ITYNGVSTWVVPIC-XVIXHAIJSA-N
紫苏叶,RUMOYJJNUMEFDD-SNVBAGLBSA-N
麻黄,POZQVPIDBKNJTK-GXSJLCMTSA-N
麻黄,ZEACOKJOQLAYTD-ILXRZTDVSA-N
麻黄,KDVBLCRQNNLSIV-LLVKDONJSA-N
麻黄,GEZRDCGMQPFDMN-UHFFFAOYSA-N
麻黄,FMCGSUUBYTWNDP-GXSJLCMTSA-N
麻黄,FMCGSUUBYTWNDP-MWLCHTKSSA-N
麻黄,HPPUQZZCHCEJEW-SNVBAGLBSA-N
麻黄,HHPJDYZRNRHFBT-UHFFFAOYSA-N
麻黄,OZQWWKNRYQISEO-ZGOJTZKKSA-N
麻黄,ROGWZMZVDLVUGM-QKZGOTKPSA-N
紫苏叶,SGNBVLSWZMBQTH-PODYLUTMSA-N
紫苏子,SGNBVLSWZMBQTH-PODYLUTMSA-N
紫苏子,JZVFJDZBLUFKCA-FXIAWGAOSA-N
五味子,QUEDXNHFTDJVIY-DQCZWYHMSA-N
紫苏叶,XMGQYMWWDOXHJM-SNVBAGLBSA-N
紫苏叶,BNWJOHGLIBDBOB-UHFFFAOYSA-N
牛蒡子,NQWVSMVXKMHKTF-HOTGVXAUSA-N
牛蒡子,PYLYQTVVQXPBIJ-OUZJQUPYSA-N
牛蒡子,KNSPNZVXPUCWMJ-UHFFFAOYSA-N
牛蒡子,BWOAMGHNXHLWMX-UHFFFAOYSA-N
牛蒡子,HDTODGZKAUQBPM-DVYQMHLFSA-N
牛蒡子,ASYBYLYCBSRGRZ-KWCNVUSUSA-N
牛蒡子,YXNKOCZXAVTXTG-NYGVLQSXSA-N
牛蒡子,TYEFCPJCPSRVMT-DSOCELCXSA-N
枇杷叶,QMAYBMKBYCGXDH-KKUMJFAQSA-N
枇杷叶,LHYHMMRYTDARSZ-BYNSBNAKSA-N
枇杷叶,XTODSGVDHGMKSN-SIEIHWOKSA-N
枇杷叶,OXVUXGFZHDKYLS-BLIWDXROSA-N
枇杷叶,FFYPJOJFUJFYAT-AWZIMYOFSA-N
枇杷叶,AFWVBXLXFDAISA-GPRPIQDKSA-N
枇杷叶,CXENHBSYCFFKJS-LOQWIJHWSA-N
枇杷叶,JSNRRGGBADWTMC-QINSGFPZSA-N
枇杷叶,ZLJNDEAZTHKUBC-BXRQEWOHSA-N
枇杷叶,LOYUSEWSBJOCNL-ZGWWQRBVSA-N
枇杷叶,UFLHIIWVXFIJGU-ONEGZZNKSA-N
枇杷叶,KMOHJUXDKSMQOG-NCLAQALISA-N
枇杷叶,LSKNLYAHNCVSEU-QZSMRWQWSA-N
枇杷叶,OTDUGESKRJHFHR-SUXCAEKLSA-N
枇杷叶,ZHAMWJWQXSZIAQ-ZEXCXVRASA-N
紫苏子,YZXBAPSDXZZRGB-DOFZRALJSA-N
前胡,CLTUXUGTKSQSBM-CABCVRRESA-N
前胡,GZAQAICYIHWIAX-IJOJBTCESA-N
前胡,CUKSFECWKQBVED-INIZCTEOSA-N
前胡,BGXFQDFSVDZUIW-LBPRGKRZSA-N
前胡,NYVMDXPRKJHQJG-VJNJTTOKSA-N
前胡,PRKPDIRLXGMLSU-XVPLPGRKSA-N
前胡,PGOMXBOHQUBUMI-OCKNTNFFSA-N
前胡,GWZZKJQYTUFZHD-FUHWJXTLSA-N
前胡,WXULKGXQMWVWMP-AVHYGJPMSA-N
前胡,KPLBOWKEQXYXSD-PKTZIBPZSA-N
紫苏子,FUCYIEXQVQJBKY-ZFWWWQNUSA-N
五味子,JOZKFWLRHCDGJA-LLVKDONJSA-N
紫苏子,FQTLCLSUCSAZDY-ATGUSINASA-N
五味子,PGBNIHXXFQBCPU-ILXRZTDVSA-N
五味子,PLKFSXFJGNZAER-XXDSNBTQSA-N
五味子,RHABJANPSGWEFC-MRFZJNLZSA-N
五味子,PZUDCPSZWPLXKT-XXDSNBTQSA-N
五味子,AZQOQICAWOAGEN-ZOKDDAQRSA-N
五味子,UFCGDBKFOKKVAC-HYSLPFRTSA-N
五味子,ZEMSHIOAFVYIFX-LLNVXLRBSA-N
五味子,DKIOHPQGBJCENG-XOWTYJCDSA-N
五味子,SIBCECUUMHIAAM-OAHLLOKOSA-N
五味子,MKZIRHIVARSBHI-CFVMTHIKSA-N
五味子,CPWZXPYBVCANNT-UHFFFAOYSA-N
五味子,FJKKZNIYYVEYOL-BPLDGKMQSA-N
五味子,MLGBLGQFPHASJN-RKZUNUFISA-N
五味子,ZIBVHHLTJKYXEB-RZGKOBFOSA-N
五味子,RCPUCQCVTDMJGJ-QWHCGFSZSA-N
五味子,OGJPBGDUYKEQLA-NWDGAFQWSA-N
五味子,BVMLGLOHSDNEJG-NWDGAFQWSA-N
五味子,HOPDFAWBFXSPSA-LDLUMPKVSA-N
五味子,LZUYISWUVHJQPR-MYODQAERSA-N
五味子,YEFOAORQXAOVJQ-YEBMWUKDSA-N
五味子,GQKZBCPTCWJTAS-UHFFFAOYSA-N
五味子,YTTNUNRNRDQUKQ-ONEGZZNKSA-N
五味子,HCZKYJDFEPMADG-TXEJJXNPSA-N
五味子,UGVIZCBJCSXBCJ-GCVYGYKWSA-N
五味子,NYVDTZCCCWPPPG-GCVYGYKWSA-N
五味子,KKATZNUAUKDUIL-UHFFFAOYSA-N
五味子,GRHNKVUUWRVFMM-OYMPBJRDSA-N
五味子,YBZZAVZIVCBPDJ-MYODQAERSA-N
五味子,OVPHXTVCLYBRDV-KGLIPLIRSA-N
五味子,ZNXDFTKQSCEJGE-IZDNNGBCSA-N
五味子,MZOWOHKNFKJFFD-RRFJBIMHSA-N
五味子,GVJHHUAWPYXKBD-IEOSBIPESA-N
五味子,WGVKWNUPNGFDFJ-DQCZWYHMSA-N
五味子,GZIFEOYASATJEH-VHFRWLAGSA-N
五味子,VJNOAOVMGNCSPJ-ZCTPSQTASA-N
五味子,FHMHZILQWWQUCO-UTQYRBOUSA-N
五味子,QZQNSZDOEZMGEJ-KGYVNBJZSA-N
五味子,BXZNLIPQEGXHAW-MRLJYUEWSA-N
紫苏叶,LIKYNOPXHGPMIH-UHFFFAOYSA-N
紫苏叶,MGIXHQSSTZKVOO-UHFFFAOYSA-N
紫苏叶,LVHLZMUFIYAEQB-UHFFFAOYSA-N
紫苏叶,CKMXAIVXVKGGFM-UHFFFAOYSA-N
紫苏叶,GMYHXOPIKMGWOM-UHFFFAOYSA-N
紫苏叶,XEYCZVQIOJGCNL-ONEGZZNKSA-N
紫苏叶,JWLMVCZLDCVNAM-HFVZKWEFSA-N
紫苏叶,CDSQRAACZGXZNE-MMNFBHMQSA-N
紫苏叶,YUTAFQVKXLDYFG-RCZWDNKTSA-N
紫苏叶,JYYFMIOPGOFNPK-XSHSMGBESA-N
紫苏子,XUEHVOLRMXNRKQ-UHFFFAOYSA-N
紫苏叶,XNGKCOFXDHYSGR-UHFFFAOYSA-N
紫苏叶,SDIAVWAPQMRCKH-UHFFFAOYSA-N
紫苏叶,ZKSZEJFBGODIJW-GMDXDWKASA-N
紫苏叶,MYPGRLGQLDFZMK-UHFFFAOYSA-N
紫苏叶,YPXWWSJGANMFFQ-AQAMAIGXSA-O
紫苏叶,YUTAFQVKXLDYFG-YTQIUSBHSA-N
紫苏叶,HCZDGTUAMVKZNE-JZTVACDPSA-O
紫苏叶,PBBVWJQPAZYQDB-DBFWEQBMSA-N
紫苏子,IEMMBWWQXVXBEU-UHFFFAOYSA-N
紫苏子,ACOBBFVLNKYODD-CSKARUKUSA-N
紫苏子,HCXVJBMSMIARIN-PHZDYDNGSA-N
紫苏子,KZJWDPNRJALLNS-VJSFXXLFSA-N
紫苏子,JARKCYVAAOWBJS-UHFFFAOYSA-N
紫苏叶,DJSISFGPUUYILV-ZFORQUDYSA-N
紫苏子,MGWAVDBGNNKXQV-UHFFFAOYSA-N
紫苏子,WUOACPNHFRMFPN-SECBINFHSA-N
紫苏叶,NOOLISFMXDJSKH-UHFFFAOYSA-N
紫苏叶,CRPUJAZIXJMDBK-DTWKUNHWSA-N
紫苏叶,DOUMFZQKYFQNTF-WUTVXBCWSA-N
紫苏子,XMGQYMWWDOXHJM-JTQLQIEISA-N
紫苏叶,NOOLISFMXDJSKH-KXUCPTDWSA-N
紫苏叶,NFLGAXVYCFJBMK-BDAKNGLRSA-N
枇杷叶,GRWFGVWFFZKLTI-IUCAKERBSA-N
紫苏子,IQPNAANSBPBGFQ-UHFFFAOYSA-N
五味子,WTOYNNBCKUYIKC-JMSVASOKSA-N
紫苏叶,WTEVQBCEXWBHNA-JXMROGBWSA-N
麻黄,KWOLFJPFCHCOCG-UHFFFAOYSA-N
枇杷叶,XUCIJNAGGSZNQT-SWRVSKMJSA-N
五味子,PZUDCPSZWPLXKT-ZROIWOOFSA-N
五味子,RHABJANPSGWEFC-JRJMQGIASA-N
麻黄,DSSYKIVIOFKYAU-UHFFFAOYSA-N
五味子,SGAYOTORECIFCJ-UHFFFAOYSA-N
紫苏叶,SGAYOTORECIFCJ-UHFFFAOYSA-N
五味子,UNXPYROOCYNIMG-BEBVGNHOSA-N
麻黄,QMVPMAAFGQKVCJ-JTQLQIEISA-N
五味子,QMVPMAAFGQKVCJ-JTQLQIEISA-N
麻黄,PUSAAHYGRLPDMQ-JPXBYFMYSA-N
五味子,MKZIRHIVARSBHI-UHFFFAOYSA-N
五味子,DEBBYPCBXVYUCZ-WZLFHOKTSA-N
五味子,SLKPBCXNFNIJSV-OAHLLOKOSA-N
五味子,SCEZREYDVWUFQF-WRDFVFFLSA-N
麻黄,TXCDCPKCNAJMEE-UHFFFAOYSA-N
麻黄,POZQVPIDBKNJTK-UHFFFAOYSA-N
麻黄,DOIRQSBPFJWKBE-UHFFFAOYSA-N
五味子,PLGPPVNYZMVRCY-UHFFFAOYSA-N
五味子,WRCBXHDQHPUVHW-UHFFFAOYSA-N
枇杷叶,FCWYNTDTQPCVPG-WTMJVXIESA-N
枇杷叶,ZGIGZINMAOQWLX-UHFFFAOYSA-N
枇杷叶,HSNZZMHEPUFJNZ-SHUUEZRQSA-N
前胡,PROQIPRRNZUXQM-ZXXIGWHRSA-N
五味子,RVJOTNIWFWVNRS-GLGOKHISSA-N
麻黄,GMMLNKINDDUDCF-SISVVIKZSA-M
麻黄,JARKCYVAAOWBJS-UHFFFAOYSA-N
麻黄,FNAZRRHPUDJQCJ-UHFFFAOYSA-N
麻黄,GLZPCOQZEFWAFX-JXMROGBWSA-N
麻黄,ZSIAUFGUXNUGDI-UHFFFAOYSA-N
枇杷叶,ZCHHRLHTBGRGOT-SNAWJCMRSA-N
前胡,NYVMDXPRKJHQJG-HNIRTVMASA-N
五味子,RRAFCTVSIHVYHJ-AULKTIENSA-N
五味子,IKCBLEDGTPAJDE-KXIYQBGKSA-L
五味子,LRRQVPSJFUEMDR-KQHSUYLTSA-N
五味子,HIGQPQRQIQDZMP-DHZHZOJOSA-N
五味子,PICOUNAPKDEPCA-UHFFFAOYSA-N
五味子,OFDWKHIQKPKRKY-UHFFFAOYSA-N
五味子,ZJTKROCMWYBRPX-DFMCVVGJSA-N
五味子,CQUAYTJDLQBXCQ-UHFFFAOYSA-N
蝉蜕,GLKCOBIIZKYKFN-UHFFFAOYSA-N
麻黄,SOSLMHZOJATCCP-MKMJNHTISA-M
麻黄,HQNOUCSPWAGQND-RQKSRIGCSA-N
麻黄,ZEACOKJOQLAYTD-SOUVJXGZSA-N
麻黄,CDOSHBSSFJOMGT-UHFFFAOYSA-N
紫苏叶,CDOSHBSSFJOMGT-UHFFFAOYSA-N
麻黄,FSVMLWOLZHGCQX-UHFFFAOYSA-N
牛蒡子,KNSPNZVXPUCWMJ-WHNHDLKRSA-N
牛蒡子,BWOAMGHNXHLWMX-BAOMQRJLSA-N
牛蒡子,HDTODGZKAUQBPM-UHFFFAOYSA-N
枇杷叶,QLTCHMYAEJEXBT-ZEBDFXRSSA-N
枇杷叶,BRHDDEIRQPDPMG-UHFFFAOYSA-N
麻黄,BRHDDEIRQPDPMG-UHFFFAOYSA-N
五味子,KOMUHHCFAXYRPO-DGHBBABESA-N
五味子,GVHYGHSXSIDTDI-KPKJPENVSA-N
五味子,PSVHVXLCVSKJGM-RXWNHETCSA-N
五味子,NGJUAJNTJXNCFH-VUTUYJMDSA-N
麻黄,XMGQYMWWDOXHJM-UHFFFAOYSA-N
麻黄,GBFBBVYGZAABTI-GWKZBNLOSA-N
麻黄,RNYVJSAWSAZBBN-UHFFFAOYSA-M
麻黄,HTCQNXQVACMNDD-UHFFFAOYSA-N
麻黄,YBMSCCGVVSSARE-DEQZDSFDSA-N
麻黄,FMCGSUUBYTWNDP-UHFFFAOYSA-N
麻黄,NGXNAIZTJAUMGV-UHFFFAOYSA-N
麻黄,ILXSNNTYRNLDCX-NJFXSBFBSA-N
枇杷叶,OTDUGESKRJHFHR-AHEKYHBHSA-N
枇杷叶,LSDPWZHWYPCBBB-UHFFFAOYSA-N
五味子,QQLSQGGLMCHYTK-UHFFFAOYSA-N
紫苏叶,WVIITJBBQPBPEB-UHFFFAOYSA-N
紫苏子,NOOLISFMXDJSKH-KXUCPTDWSA-N
麻黄,UYLBTGMINJIZAG-PQTOTZOPSA-N
麻黄,UFWIBTONFRDIAS-UHFFFAOYSA-N
麻黄,RVRLLYKHCMHGKV-UHFFFAOYSA-N
麻黄,RJAKLUPHSBOQNU-KYJZBGRDSA-N
五味子,RJAKLUPHSBOQNU-KYJZBGRDSA-N
麻黄,VSMOENVRRABVKN-UHFFFAOYSA-N
牛蒡子,TYEFCPJCPSRVMT-UHFFFAOYSA-N
五味子,SLULBVLEUPOSOI-UHFFFAOYSA-N
紫苏叶,BSAIUMLZVGUGKX-BQYQJAHWSA-N
紫苏子,BSAIUMLZVGUGKX-BQYQJAHWSA-N
麻黄,OKZBCSRPGFBBBG-HBNUGNGRSA-N
麻黄,BOTWFXYSPFMFNR-PYDDKJGSSA-N
麻黄,YSTPAHQEHQSRJD-UHFFFAOYSA-N
五味子,PYVIFMPVFLOTLN-UHFFFAOYSA-N
五味子,IRPFOXRBPHCCTG-JISBIHODSA-N
紫苏叶,JVFYCULORCKYMD-WSSBEIOBSA-N
紫苏子,RUMOYJJNUMEFDD-UHFFFAOYSA-N
麻黄,CZCBTSFUTPZVKJ-UHFFFAOYSA-N
麻黄,NDVASEGYNIMXJL-UHFFFAOYSA-N
五味子,ZNXDFTKQSCEJGE-UHFFFAOYSA-N
五味子,GRHNKVUUWRVFMM-LFCMPWLRSA-N
五味子,YEFOAORQXAOVJQ-UHFFFAOYSA-N
五味子,CMULNSPKSRFQAF-VQHVLOKHSA-N
五味子,OVPHXTVCLYBRDV-UHFFFAOYSA-N
麻黄,WRYLYDPHFGVWKC-UHFFFAOYSA-N
枇杷叶,AIBOHNYYKWYQMM-MXBSLTGDSA-N
前胡,QTONANGUNATZOU-ICTVWZTPSA-N
前胡,PRKPDIRLXGMLSU-BQYQJAHWSA-N
麻黄,DTOSIQBPPRVQHS-IUQGRGSQSA-N
麻黄,FLIACVVOZYBSBS-UHFFFAOYSA-N
麻黄,HRGUSFBJBOKSML-UHFFFAOYSA-N
麻黄,HJVOENAQNMQNCN-UHFFFAOYSA-N
麻黄,OBKHYUIZSOIEPG-UHFFFAOYSA-N
麻黄,WWZKQHOCKIZLMA-UHFFFAOYSA-N
麻黄,FUZZWVXGSFPDMH-UHFFFAOYSA-N
五味子,MBWXNTAXLNYFJB-LKUDQCMESA-N
五味子,NQZCQIDFBYCBAU-JHGYFVHDSA-N
蝉蜕,WZZVUHWLNMNWLW-VFCSDQTKSA-N
蝉蜕,BNJFLPKUALUAFG-UPHRSURJSA-N
紫苏叶,OIGWAXDAPKFNCQ-UHFFFAOYSA-N
麻黄,ACWQBUSCFPJUPN-UHFFFAOYSA-N
麻黄,LQERIDTXQFOHKA-UHFFFAOYSA-N
麻黄,YNPNZTXNASCQKK-UHFFFAOYSA-N
麻黄,WQEPLUUGTLDZJY-UHFFFAOYSA-N
麻黄,POOSGDOYLQNASK-UHFFFAOYSA-N
麻黄,QTBSBXVTEAMEQO-UHFFFAOYSA-M
麻黄,QIQXTHQIDYTFRH-UHFFFAOYSA-N
紫苏叶,QIQXTHQIDYTFRH-UHFFFAOYSA-N
麻黄,WHWDWIHXSPCOKZ-UHFFFAOYSA-N
麻黄,HDJLSECJEQSPKW-UHFFFAOYSA-N
麻黄,DPLGXGDPPMLJHN-UHFFFAOYSA-N
麻黄,MNYARIILPGRTQL-WPRPVWTQSA-N
麻黄,OYHQOLUKZRVURQ-HZJYTTRNSA-N
麻黄,MOQGCGNUWBPGTQ-UHFFFAOYSA-N
麻黄,DTOSIQBPPRVQHS-PDBXOOCHSA-N
麻黄,PSQYTAPXSHCGMF-BQYQJAHWSA-N
麻黄,GHVNFZFCNZKVNT-UHFFFAOYSA-N
麻黄,POULHZVOKOAJMA-UHFFFAOYSA-N
麻黄,FIGVVZUWCLSUEI-UHFFFAOYSA-N
麻黄,GRWFGVWFFZKLTI-UHFFFAOYSA-N
麻黄,CTQNGGLPUBDAKN-UHFFFAOYSA-N
麻黄,BOPIMTNSYWYZOC-VNHYZAJKSA-N
麻黄,FQTLCLSUCSAZDY-SDNWHVSQSA-N
麻黄,MVZVDAGWAAZJPE-UHFFFAOYSA-N
麻黄,WKOLLVMJNQIZCI-UHFFFAOYSA-N
麻黄,LFQSCWFLJHTTHZ-UHFFFAOYSA-N
麻黄,RZJRJXONCZWCBN-UHFFFAOYSA-N
麻黄,MNWFXJYAOYHMED-UHFFFAOYSA-N
牛蒡子,XUCBEPRXAGBDCB-UHFFFAOYSA-N
牛蒡子,SVURIXNDRWRAFU-OGMFBOKVSA-N
牛蒡子,WPYMKLBDIGXBTP-UHFFFAOYSA-M
五味子,OJYKYCDSGQGTRJ-WZUFQYTHSA-N
紫苏叶,ZQPPMHVWECSIRJ-KTKRTIGZSA-N
麻黄,SQIFACVGCPWBQZ-UHFFFAOYSA-N
五味子,SQIFACVGCPWBQZ-UHFFFAOYSA-N
五味子,NTVXLOKDTRVPSZ-FQKPHLNHSA-N
五味子,GPXYRIDQNFPWMN-XOWTYJCDSA-N
五味子,RMZHSBMIZBMVMN-YSSOQSIOSA-N
五味子,PHWISBHSBNDZDX-GJZGRUSLSA-N
紫苏叶,LCMVWZCQKTZBFZ-UHFFFAOYSA-N
枇杷叶,USDOQCCMRDNVAH-KKUMJFAQSA-N
五味子,PLKFSXFJGNZAER-ZROIWOOFSA-N
五味子,AFRLMSOCDMQZOR-HIFRSBDPSA-N
五味子,MJFWZSINVRYQFD-UHFFFAOYSA-N
五味子,NOLWRMQDWRAODO-SLTAFYQDSA-N
五味子,AVPAEFHIEZLSLZ-IXLUTPKUSA-N
麻黄,SWUARLUWKZWEBQ-VQHVLOKHSA-N
枇杷叶,CXENHBSYCFFKJS-VDQVFBMKSA-N
紫苏叶,JQTDUZWQZNXSOU-GFQBANPUSA-N
麻黄,NGXNAIZTJAUMGV-BDAKNGLRSA-N
麻黄,DLNKOYKMWOXYQA-DIQCGLEQSA-N
麻黄,DLNKOYKMWOXYQA-VXNVDRBHSA-N  
麻黄,DLNKOYKMWOXYQA-IONNQARKSA-O
麻黄,KWGRBVOPPLSCSI-LHIURRSHSA-N
麻黄,XPADGWGAXTYHEE-UHFFFAOYSA-N
麻黄,BOTWFXYSPFMFNR-WGBUPJQTSA-N
麻黄,NDVASEGYNIMXJL-RGURZIINSA-N
麻黄,XJWZDXFFNOMMTD-UHFFFAOYSA-N
麻黄,ILXSNNTYRNLDCX-WLRTZDKTSA-N
麻黄,XBUPCLXNEIRAEX-UHFFFAOYSA-N
麻黄,WEDGVCZUPFZNDE-UHFFFAOYSA-N
麻黄,DSSYKIVIOFKYAU-BYDSUWOYSA-N
麻黄,AAOFJKLTRKOQTQ-UHFFFAOYSA-N
麻黄,MOQGCGNUWBPGTQ-IIYFYTTLSA-N
麻黄,FMHHVULEAZTJMA-UHFFFAOYSA-N
麻黄,YKFLAYDHMOASIY-UHFFFAOYSA-N  
麻黄,APQSQLNWAIULLK-UHFFFAOYSA-N
麻黄,SGIOAFBVWVUCQP-PVBHVGJFSA-N
麻黄,BOPIMTNSYWYZOC-ILWWEHDPSA-N
麻黄,RDBPZZVIYGFJKU-NNTGZONMSA-N
麻黄,UYLBTGMINJIZAG-RVDMUPIBSA-N
麻黄,ANWGQUDDFBXFAP-UHFFFAOYSA-N
麻黄,CZCBTSFUTPZVKJ-ZJUUUORDSA-N
麻黄,YJRODKCOICMRBO-BQYQJAHWSA-N
麻黄,VVPRQWTYSNDTEA-UHFFFAOYSA-N
麻黄,CXTATJFJDMJMIY-CYBMUJFWSA-N
麻黄,MNWFXJYAOYHMED-AXMARENNSA-N
麻黄,POULHZVOKOAJMA-MICDWDOJSA-N
麻黄,GHVNFZFCNZKVNT-UHFFFAOYSA-M
麻黄,OYHQOLUKZRVURQ-AVQMFFATSA-M
麻黄,POULHZVOKOAJMA-UHFFFAOYSA-M
麻黄,REZQBEBOWJAQKS-UHFFFAOYSA-N 
麻黄,FLIACVVOZYBSBS-GZXVCZRGSA-N
麻黄,WQEPLUUGTLDZJY-UHFFFAOYSA-M
麻黄,QIQXTHQIDYTFRH-GTFORLLLSA-N
麻黄,MDLWEBWGXACWGE-UHFFFAOYSA-N
麻黄,POOSGDOYLQNASK-KNUOVWDMSA-N
麻黄,DOIRQSBPFJWKBE-IUWMYWAXSA-N
麻黄,ZKHQSQYLKSSYIP-UHFFFAOYSA-N
麻黄,WKOLLVMJNQIZCI-UHFFFAOYSA-M
麻黄,GEZRDCGMQPFDMN-UHFFFAOYSA-N  
麻黄,HRGUSFBJBOKSML-UHFFFAOYSA-M
麻黄,ZXNSCYAHFCSTCR-UHFFFAOYSA-N
麻黄,LTMHFFNOXFSDQV-UHFFFAOYSA-N
麻黄,TXDYVSBYMBLCOL-UHFFFAOYSA-N
麻黄,PUSAAHYGRLPDMQ-UHFFFAOYSA-N
麻黄,GMMLNKINDDUDCF-RFOBZYEESA-M
麻黄,JVKQHDUTAFISFX-UHFFFAOYSA-N
麻黄,IYRMWMYZSQPJKC-UHFFFAOYSA-M  
麻黄,KZNIFHPLKGYRTM-UHFFFAOYSA-M
麻黄,HWZBIMIZGCIUHM-UHFFFAOYSA-N
麻黄,NTYCASBDLJLDJF-RCJBYXQDSA-N
麻黄,GZDGTOJAUNXBGU-UHFFFAOYSA-N
麻黄,FQTLCLSUCSAZDY-GOFCXVBSSA-N
五味子,XJWZDXFFNOMMTD-UHFFFAOYSA-N
五味子,SCWPFSIZUZUCCE-UHFFFAOYSA-N
五味子,NOLWRMQDWRAODO-SLTAFYQDSA-N  
五味子,WRCBXHDQHPUVHW-KBXBIZAPSA-N
五味子,RLRKIWSBYUZHIJ-UHFFFAOYSA-N
五味子,JOZKFWLRHCDGJA-NSHDSACASA-N
五味子,PLKFSXFJGNZAER-HCGIPUGESA-N
五味子,UVHGSMZRSVGWDJ-ZCFDAEMWSA-N
五味子,ZIBVHHLTJKYXEB-LSHKVNPSSA-N  
紫苏子,IQGURDMZNWKPEW-VHYPUYLQSA-N
五味子,WTARULDDTDQWMU-IUCAKERBSA-N
五味子,PDSNLYSELAIEBU-RGCMKSIDSA-N
五味子,PSVHVXLCVSKJGM-RNYITTTKSA-N
五味子,GVJHHUAWPYXKBD-IEOSBIPESA-N  
五味子,AVPAEFHIEZLSLZ-QCPGYTKSSA-N
五味子,GZIFEOYASATJEH-BERHBOFZSA-N
五味子,LSQXNMXDFRRDSJ-UHFFFAOYSA-N  
五味子,WGVKWNUPNGFDFJ-VPYPWEPUSA-N
五味子,HICYDYJTCDBHMZ-COMQUAJESA-N
五味子,YKFLAYDHMOASIY-UHFFFAOYSA-N 
五味子,WXQGPFZDVCRBME-BPLDGKMQSA-N
五味子,NPNUFJAVOOONJE-IOMPXFEGSA-N
五味子,AFRLMSOCDMQZOR-ZFWWWQNUSA-N
五味子,YHBUQBJHSRGZNF-XIEDVDOYSA-N
五味子,INOSMXBKABLUIL-DCKDXSSCSA-N
五味子,DEBBYPCBXVYUCZ-ZUYWJZQFSA-N
五味子,SPOXASDDFLVHCI-UHFFFAOYSA-N
五味子,YFVJPBYYCUEIKS-JTNHKYCSSA-N
五味子,WTOYNNBCKUYIKC-MQYJIDSJSA-N
五味子,DZVXRFMREAADPP-UHFFFAOYSA-N
五味子,YEFOAORQXAOVJQ-RKNYENMMSA-N
五味子,YVMJUSKDPJGDHW-ZYYDUNOVSA-N
五味子,OGJPBGDUYKEQLA-UHFFFAOYSA-N  
五味子,PGEJVRVFUGSAJF-AZTSAZJSSA-N
五味子,FYSHYFPJBONYCQ-CHWSQXEVSA-N
五味子,OGJPBGDUYKEQLA-NWDGAFQWSA-N 
五味子,MSHJHBLTCDLVSX-NDVKFJHLSA-N
紫苏子,NOOLISFMXDJSKH-UTLUCORTSA-N
五味子,DVBSKQAFCDJNSL-RRFJBIMHSA-N
五味子,SIZHTHJIDBXZNM-DNVSUFBTSA-N
五味子,IRPFOXRBPHCCTG-QVQQXUQPSA-N
五味子,AEAQFVYXBZNTSH-VLKGHKFOSA-N
五味子,UGVIZCBJCSXBCJ-RQIDDHSMSA-N
五味子,GCEZTYNTOTZPMN-UHFFFAOYSA-N
紫苏子,BSAIUMLZVGUGKX-FPLPWBNLSA-N
紫苏子,QIQXTHQIDYTFRH-UHFFFAOYSA-M
五味子,KOMUHHCFAXYRPO-NOYZTADKSA-N
五味子,QZOQCWFGFMUAMB-UHFFFAOYSA-N
五味子,RUJPNZNXGCHGID-UHFFFAOYSA-N
五味子,RMZHSBMIZBMVMN-LSDHHAIUSA-N
五味子,FMFCRRDJQXJLBD-CSKARUKUSA-N
五味子,PDEQKAVEYSOLJX-PUVAYXBBSA-N
麻黄,TVWNWTCNFUZDDJ-HBIKTYAUSA-N
紫苏子,SECPZKHBENQXJG-FPLPWBNLSA-M
紫苏子,OYHQOLUKZRVURQ-AVQMFFATSA-M
紫苏子,LGOPTUPXVVNJFH-UHFFFAOYSA-N
紫苏子,KEMQGTRYUADPNZ-SJPDSGJFSA-N
紫苏子,ISYWECDDZWTKFF-UHFFFAOYSA-N
紫苏子,DOIRQSBPFJWKBE-IUWMYWAXSA-N
麻黄,GPBSBBVDERLESN-QZFRTWIZSA-N
麻黄,VKXKFHMENKJIBJ-UHFFFAOYSA-N
麻黄,FYHHLMRXXMJAPQ-UHFFFAOYSA-N
麻黄,BHGCRZWUKWPRDM-MQBHBIADSA-N
麻黄,JIKBRFADDZWEEO-UHFFFAOYSA-N
麻黄,LQRHGTVFFPMWCG-JXCVSLFXSA-N
麻黄,ASCIWXOCZAWSON-RNJDCESWSA-N
蝉蜕,VCNXRYDMKADZCN-UHFFFAOYSA-N
蝉蜕,YPXOPAFVVHXQDP-ZZEZOPTASA-N
蝉蜕,HQOKZCRBEUAVNS-UHFFFAOYSA-N
蝉蜕,CMOXKYQQTMHEHE-UHFFFAOYSA-N
蝉蜕,DJHJJVWPFGHIPH-OODMECLYSA-N
牛蒡子,AMIMRNSIRUDHCM-HOSYLAQJSA-N
牛蒡子,IYGGNHPGPBRZNF-UHFFFAOYSA-N
牛蒡子,QUSNBJAOOMFDIB-UHFFFAOYSA-O
牛蒡子,NIDHFQDUBOVBKZ-NSCUHMNNSA-N
牛蒡子,KBEMPFYJJCTZIG-GQCTYLIASA-N
牛蒡子,KBEMPFYJJCTZIG-XQRVVYSFSA-N
牛蒡子,KAGUESUDHDXNCN-UHFFFAOYSA-N
牛蒡子,KAGUESUDHDXNCN-PEPZGXQESA-N
牛蒡子,BTANRVKWQNVYAZ-BYPYZUCNSA-N
牛蒡子,UFLHIIWVXFIJGU-ARJAWSKDSA-N
牛蒡子,ADOBXTDBFNCOBN-UHFFFAOYSA-N
牛蒡子,CVTVRXGPXQVJAU-UHFFFAOYSA-N
牛蒡子,DTUQWGWMVIHBKE-PXLNOETPSA-N
牛蒡子,SJVJMFXCINSXFF-UHFFFAOYSA-N
牛蒡子,AJWRNFIZKHPOHC-JEGFTUTRSA-N
牛蒡子,JOQILOMKLDOWGX-GNXRPPCSSA-N
牛蒡子,BVIJQMCYYASIFP-PHDIDXHHSA-N
牛蒡子,SVURIXNDRWRAFU-GWFSLKOKSA-N
牛蒡子,PEIBIXYUYBVLDS-UHFFFAOYSA-N
牛蒡子,OJXDFADLRHATCY-UHFFFAOYSA-N
牛蒡子,NWFYESYCEQICQP-JKSUJKDBSA-N
牛蒡子,PYLYQTVVQXPBIJ-OUZJQUPYSA-N  
牛蒡子,ASYBYLYCBSRGRZ-KWCNVUSUSA-N  
牛蒡子,MATGKVZWFZHCLI-BDVVKRQVSA-N
牛蒡子,ZBAWFXNLUOUBMU-UHFFFAOYSA-N
牛蒡子,UDXGKLGUAJLLCJ-UHFFFAOYSA-N
紫苏叶,OIGWAXDAPKFNCQ-UHFFFAOYSA-N  
紫苏叶,IQGURDMZNWKPEW-VHYPUYLQSA-N
紫苏叶,RRXOQHQFJOQLQR-WAYWQWQTSA-N
紫苏叶,NVEQFIOZRFFVFW-UHFFFAOYSA-N
紫苏叶,JQTDUZWQZNXSOU-RWQHKGFASA-N
紫苏叶,XEVQXKKKAVVSMW-CPCISQLKSA-N
紫苏叶,CRPUJAZIXJMDBK-BDAKNGLRSA-N
紫苏叶,JJRYPZMXNLLZFH-URWSZGRFSA-N
紫苏叶,INOSMXBKABLUIL-DCKDXSSCSA-N
紫苏叶,KWBPKUMWVXUSCA-GPVLGVKUSA-N
紫苏叶,NOOLISFMXDJSKH-UTLUCORTSA-N
紫苏叶,KZJWDPNRJALLNS-VJSFXXLFSA-N
紫苏叶,BSAIUMLZVGUGKX-FPLPWBNLSA-N
紫苏叶,QIQXTHQIDYTFRH-UHFFFAOYSA-M
紫苏叶,IRWLDXUJBJPFNV-JQWIXIFHSA-N
紫苏叶,HRTCWLFNWYFKGZ-QLQSPRJFSA-N
紫苏叶,CTROGWVSSFFUJS-UHFFFAOYSA-N
紫苏叶,BOTWFXYSPFMFNR-WGBUPJQTSA-N
紫苏叶,XJWZDXFFNOMMTD-UHFFFAOYSA-N
紫苏叶,WHWDWIHXSPCOKZ-UHFFFAOYSA-N
紫苏叶,KEVYVLWNCKMXJX-UHFFFAOYSA-N
紫苏叶,YGFGZTXGYTUXBA-UHFFFAOYSA-N  
紫苏叶,POIARNZEYGURDG-FNORWQNLSA-N
紫苏叶,IJAJJCQIFGPPLA-UHFFFAOYSA-N
紫苏叶,WTARULDDTDQWMU-IUCAKERBSA-N
紫苏叶,NVEQFIOZRFFVFW-RGCMKSIDSA-N
紫苏叶,OUXAABAEPHHZPC-UHFFFAOYSA-N
紫苏叶,PSQYTAPXSHCGMF-BQYQJAHWSA-N
紫苏叶,XFFKAYOHINCUNU-UHFFFAOYSA-N
紫苏叶,VHTFHZGAMYUZEP-UHFFFAOYSA-N
紫苏叶,LBYIRHZOBVXZRJ-SNAWJCMRSA-N
紫苏叶,LWUNJRGHXMLAPI-UHFFFAOYSA-N  
紫苏叶,XMGQYMWWDOXHJM-JTQLQIEISA-N
紫苏叶,YKFLAYDHMOASIY-UHFFFAOYSA-N
紫苏叶,WUOACPNHFRMFPN-VIFPVBQESA-N
紫苏叶,NPNUFJAVOOONJE-IZZDOVSWSA-N
紫苏叶,VLXDPFLIRFYIME-PLWLXLEKSA-N
紫苏叶,NSMRKFBAPAOVQL-FLIBITNWSA-N
紫苏叶,WONIGEXYPVIKFS-HRDYMLBCSA-N
紫苏叶,FAMPSKZZVDUYOS-HRGUGZIWSA-N
紫苏叶,GAIBLDCXCZKKJE-RXJOXMPGSA-N
紫苏叶,YMBFCQPIMVLNIU-SOUVJXGZSA-N
紫苏叶,QWEFTWKQGYFNTF-UHFFFAOYSA-N
紫苏叶,GXEGJTGWYVZSNR-OMQMMEOVSA-N
紫苏叶,WRHGORWNJGOVQY-RRFJBIMHSA-N
紫苏叶,CKZDDLBOPCFVJG-BUUDKCCUSA-N
紫苏叶,MIWAGXZQUJISRA-RECXWPGBSA-N
紫苏叶,KRCZYMFUWVJCLI-BBBLOLIVSA-N
紫苏叶,TWCNAXRPQBLSNO-UWVGGRQHSA-N
紫苏叶,XUEHVOLRMXNRKQ-KHMAMNHCSA-N
紫苏叶,AYXPYQRXGNDJFU-UJJIHBOXSA-N
紫苏叶,NUQDPKOFUKFKFD-UHFFFAOYSA-N
紫苏叶,WGTRJVCFDUCKCM-FMKGYKFTSA-N
紫苏叶,ITYNGVSTWVVPIC-XVIXHAIJSA-N
紫苏叶,DTOSIQBPPRVQHS-PDBXOOCHSA-N
紫苏叶,ZNJFBWYDHIGLCU-HWKXXFMVSA-N
紫苏叶,QCHSJPKDWOFACC-UHFFFAOYSA-N
紫苏叶,YFHFHLSMISYUAQ-UHFFFAOYSA-N
紫苏叶,ZTLWBQOFTIFRHI-UHFFFAOYSA-N
紫苏叶,BRBSZFBUFZWHCT-UHFFFAOYSA-N
紫苏叶,MDIUMSLCYIJBQC-MVFSOIOZSA-N
紫苏叶,YUAYWSBSIJVIBS-UHFFFAOYSA-N  
紫苏叶,KFXARGMQYWECBV-UHFFFAOYSA-N
紫苏叶,RSJKGSCJYJTIGS-BJUDXGSMSA-N
紫苏叶,JBYXPOFIGCOSSB-GOJKSUSPSA-N
紫苏叶,ZZZCBYANKCZVLL-HYXAFXHYSA-N
紫苏叶,HFDVRLIODXPAHB-UHFFFAOYSA-N
紫苏叶,CWNOEVURTVLUNV-UHFFFAOYSA-N
紫苏叶,WWAOBLPKWKLCGJ-ZZXKWVIFSA-N
紫苏叶,DJSISFGPUUYILV-ZFORQUDYSA-M
紫苏叶,OUYCCCASQSFEME-QMMMGPOBSA-N
紫苏叶,SJFTVAAHLRFBST-GQIZHPGISA-N
紫苏叶,SJFTVAAHLRFBST-NSHQGHFVSA-N
紫苏叶,RUMOYJJNUMEFDD-JTQLQIEISA-N
紫苏叶,YQMUZRNPCVSBEH-UHFFFAOYSA-N
紫苏叶,BQSLMQNYHVFRDT-LSDHHAIUSA-N
紫苏叶,OPFTUNCRGUEPRZ-QLFBSQMISA-N
紫苏叶,UHEPJGULSIKKTP-UHFFFAOYSA-N
紫苏叶,LTUMRKDLVGQMJU-IUBLYSDUSA-N
紫苏叶,AZFOXTNJXWNTME-MDZDMXLPSA-M
紫苏叶,HIGQPQRQIQDZMP-FLIBITNWSA-N
紫苏叶,CXENHBSYCFFKJS-VDQVFBMKSA-N
紫苏叶,FQTLCLSUCSAZDY-SDNWHVSQSA-N
紫苏叶,IJFKZRMIRAVXRK-VQHVLOKHSA-N
紫苏叶,JSNRRGGBADWTMC-NTCAYCPXSA-N
紫苏叶,FXTIMAJUMAQUOG-UHFFFAOYSA-N
前胡,FWYSBEAFFPBAQU-LBPRGKRZSA-N  
前胡,FWYSBEAFFPBAQU-UHFFFAOYSA-N  
前胡,HXCGUCZXPFBNRD-VSIVXFRVSA-N
前胡,PRKPDIRLXGMLSU-BQYQJAHWSA-N  
前胡,GWZZKJQYTUFZHD-SJLPKXTDSA-N
前胡,LYUZYPKZQDYMEE-JZWAJAMXSA-N
前胡,PGOMXBOHQUBUMI-OCKNTNFFSA-N  
前胡,KJWFOHVSTFGWGZ-YCDQCDSPSA-N
前胡,GZAQAICYIHWIAX-WBVHZDCISA-N
前胡,BGXFQDFSVDZUIW-GFCCVEGCSA-N
前胡,QTONANGUNATZOU-UHFFFAOYSA-N
前胡,PROQIPRRNZUXQM-KXGAMWBWSA-N
前胡,ORHBXUUXSCNDEV-RALIUCGRSA-N
前胡,SYRXQLPUGCYKFH-PKTZIBPZSA-N  
枇杷叶,XOBNESJVGLDEKS-ZROIWOOFSA-N
枇杷叶,ZIUDAKDLOLDEGU-JPZSZRNLSA-N
枇杷叶,DSSYKIVIOFKYAU-BYDSUWOYSA-N
枇杷叶,QDFFAXSMLUUJSG-UHFFFAOYSA-N
枇杷叶,OXVUXGFZHDKYLS-QUFHAEKXSA-N
枇杷叶,UKGZFGGRLJUNFM-LIOKCZDNSA-N
枇杷叶,DNTSXRMSSGNLFL-UHFFFAOYSA-N
枇杷叶,LELOWRISYMNNSU-UHFFFAOYSA-N
枇杷叶,ZRPDXDBGEYHEBJ-UHFFFAOYSA-N 
枇杷叶,PEYQZZMUNYLHII-YFKPBYRVSA-N
枇杷叶,CISMGNUPDUKNQK-CRCLSJGQSA-N
枇杷叶,CISMGNUPDUKNQK-WHFBIAKZSA-N
枇杷叶,GLZPCOQZEFWAFX-YFHOEESVSA-N 
枇杷叶,FQTLCLSUCSAZDY-OAHLLOKOSA-N
枇杷叶,ZGIGZINMAOQWLX-NCZFFCEISA-N
枇杷叶,OIRFZVJHADZVMD-UHFFFAOYSA-N
枇杷叶,WTARULDDTDQWMU-IUCAKERBSA-N
枇杷叶,AOWMBRPPHGNFDX-HPPBOAITSA-N
枇杷叶,CRPUJAZIXJMDBK-BDAKNGLRSA-N
枇杷叶,OTDUGESKRJHFHR-CEFFGXRLSA-N
枇杷叶,AIBOHNYYKWYQMM-IQKLXLPLSA-N
枇杷叶,WGPMCTNBJPAHNW-QZYKCYMZSA-N
枇杷叶,ISOIDIYKQYJGMC-KBUPBQIOSA-N
枇杷叶,QMAYBMKBYCGXDH-KFWWJZLASA-N
枇杷叶,ULDHMXUKGWMISQ-VIFPVBQESA-N
枇杷叶,RMHWAEFAOBGGBH-GLRBGJJXSA-N
枇杷叶,HIAIQDVRFUXFLS-OQJKTDCWSA-N
枇杷叶,FZRIRHAXJWMMFP-UTQWFWGYSA-N
枇杷叶,HFGSQOYIOKBQOW-UHFFFAOYSA-N  
枇杷叶,BRZWXKGDPAZBLF-OKUTUCSLSA-N
枇杷叶,OXVUXGFZHDKYLS-OUPOMSJESA-N
枇杷叶,WCGUUGGRBIKTOS-GZUNIXTQSA-N
枇杷叶,LOYUSEWSBJOCNL-MOAGUHGXSA-N
枇杷叶,KZJWDPNRJALLNS-VJSFXXLFSA-N
枇杷叶,LGOPTUPXVVNJFH-UHFFFAOYSA-N
枇杷叶,FBPFZTCFMRRESA-UNTFVMJOSA-N
枇杷叶,XEFQLINVKFYRCS-UHFFFAOYSA-N
枇杷叶,UAHWPYUMFXYFJY-UHFFFAOYSA-N
枇杷叶,FQTLCLSUCSAZDY-GOFCXVBSSA-N
枇杷叶,CXENHBSYCFFKJS-ZWWAVPAWSA-N
枇杷叶,JSNRRGGBADWTMC-NTCAYCPXSA-N
地龙,YUIGSRGRYOBFRF-UHFFFAOYSA-N 
前胡,VKOBVWXKNCXXDE-UHFFFAOYSA-N
麻黄,VKOBVWXKNCXXDE-UHFFFAOYSA-N
前胡,CRPUJAZIXJMDBK-DTWKUNHWSA-N
枇杷叶,XMGQYMWWDOXHJM-JTQLQIEISA-N
麻黄,FAMPSKZZVDUYOS-HRGUGZIWSA-N
前胡,YOVSPTNQHMDJAG-QLFBSQMISA-N
枇杷叶,NPNUFJAVOOONJE-GFUGXAQUSA-N
枇杷叶,MGWAVDBGNNKXQV-UHFFFAOYSA-N
麻黄,ITYNGVSTWVVPIC-PDWCTOEPSA-N
枇杷叶,IPCSVZSSVZVIGE-UHFFFAOYSA-N
枇杷叶,REFJWTPEDVJJIY-UHFFFAOYSA-N
前胡,REFJWTPEDVJJIY-UHFFFAOYSA-N
麻黄,FJKROLUGYXJWQN-UHFFFAOYSA-N
麻黄,YQUVCSBJEUQKSH-UHFFFAOYSA-N
蝉蜕,YQUVCSBJEUQKSH-UHFFFAOYSA-N
前胡,WKOLLVMJNQIZCI-UHFFFAOYSA-N
枇杷叶,GYHFUZHODSMOHU-UHFFFAOYSA-N
前胡,GYHFUZHODSMOHU-UHFFFAOYSA-N
枇杷叶,HFPZCAJZSCWRBC-UHFFFAOYSA-N
枇杷叶,WUOACPNHFRMFPN-SECBINFHSA-N
麻黄,WEEGYLXZBRQIMU-WAAGHKOSSA-N
紫苏子,WEEGYLXZBRQIMU-WAAGHKOSSA-N
枇杷叶,GLZPCOQZEFWAFX-JXMROGBWSA-N
前胡,GRWFGVWFFZKLTI-IUCAKERBSA-N
麻黄,GRWFGVWFFZKLTI-IUCAKERBSA-N
麻黄,WTARULDDTDQWMU-IUCAKERBSA-N
麻黄,HIGQPQRQIQDZMP-DHZHZOJOSA-N
枇杷叶,DSSYKIVIOFKYAU-XCBNKYQSSA-N
前胡,DSSYKIVIOFKYAU-XCBNKYQSSA-N
麻黄,DSSYKIVIOFKYAU-XCBNKYQSSA-N
枇杷叶,HYBBIBNJHNGZAN-UHFFFAOYSA-N
麻黄,HYBBIBNJHNGZAN-UHFFFAOYSA-N
前胡,NPNUFJAVOOONJE-BLOBHPOZSA-N
麻黄,NPNUFJAVOOONJE-BLOBHPOZSA-N
麻黄,KGEKLUUHTZCSIP-HOSYDEDBSA-N
枇杷叶,CDOSHBSSFJOMGT-JTQLQIEISA-N
前胡,OGLDWXZKYODSOB-JTQLQIEISA-N
麻黄,IHPKGUQCSIINRJ-CSKARUKUSA-N
麻黄,WPYMKLBDIGXBTP-UHFFFAOYSA-N
麻黄,CRDAMVZIKSXKFV-FBXUGWQNSA-N
枇杷叶,MQSZRBPYXNEFHF-UHFFFAOYSA-N
麻黄,CRDAMVZIKSXKFV-YFVJMOTDSA-N
枇杷叶,MIJYXULNPSFWEK-GTOFXWBISA-N
前胡,MOYAFQVGZZPNRA-UHFFFAOYSA-N
麻黄,NDVASEGYNIMXJL-UWVGGRQHSA-N
枇杷叶,BPLQKQKXWHCZSS-UHFFFAOYSA-N
枇杷叶,WWZKQHOCKIZLMA-UHFFFAOYSA-N
枇杷叶,XMIIGOLPHOKFCH-UHFFFAOYSA-N
枇杷叶,IZQSVPBOUDKVDZ-UHFFFAOYSA-N
前胡,KZJWDPNRJALLNS-ZFVHJZABSA-N
前胡,KSEBMYQBYZTDHS-HWKANZROSA-N
枇杷叶,IKGXIBQEEMLURG-NVPNHPEKSA-N
枇杷叶,IYRMWMYZSQPJKC-UHFFFAOYSA-N
枇杷叶,OVSQVDMCBVZWGM-QSOFNFLRSA-N
前胡,WCGUUGGRBIKTOS-GPOJBZKASA-N
前胡,LNTHITQWFMADLM-UHFFFAOYSA-N
麻黄,IGGUPRCHHJZPBS-UHFFFAOYSA-N
前胡,VHOCUJPBKOZGJD-UHFFFAOYSA-N
前胡,FBPFZTCFMRRESA-GUCUJZIJSA-N
枇杷叶,JPUKWEQWGBDDQB-QSOFNFLRSA-N
麻黄,CNNRPFQICPFDPO-UHFFFAOYSA-N
枇杷叶,WRYLYDPHFGVWKC-SNVBAGLBSA-N
麻黄,WRYLYDPHFGVWKC-SNVBAGLBSA-N
前胡,MBRLOUHOWLUMFF-UHFFFAOYSA-N
麻黄,FUCYIEXQVQJBKY-ZFWWWQNUSA-N
前胡,UTOPWMOLSKOLTQ-UHFFFAOYSA-N
前胡,XMHIUKTWLZUKEX-UHFFFAOYSA-N
前胡,QZZGJDVWLFXDLK-UHFFFAOYSA-N
枇杷叶,ZSIAUFGUXNUGDI-UHFFFAOYSA-N
麻黄,YVBAUDVGOFCUSG-UHFFFAOYSA-N
麻黄,PGTJIOWQJWHTJJ-CHWSQXEVSA-N
枇杷叶,GLZPCOQZEFWAFX-YFHOEESVSA-N
前胡,FXHGMKSSBGDXIY-UHFFFAOYSA-N
枇杷叶,HUMNYLRZRPPJDN-UHFFFAOYSA-N
麻黄,VSMOENVRRABVKN-MRVPVSSYSA-N
枇杷叶,SATICYYAWWYRAM-VNKDHWASSA-N
枇杷叶,DTUQWGWMVIHBKE-UHFFFAOYSA-N
枇杷叶,OSWPMRLSEDHDFF-UHFFFAOYSA-N
枇杷叶,SGAWOGXMMPSZPB-UHFFFAOYSA-N
枇杷叶,HNZUNIKWNYHEJJ-FMIVXFBMSA-N
麻黄,HNZUNIKWNYHEJJ-FMIVXFBMSA-N
麻黄,NOEGNKMFWQHSLB-UHFFFAOYSA-N
麻黄,NGSWKAQJJWESNS-ZZXKWVIFSA-N
麻黄,XEKOWRVHYACXOJ-UHFFFAOYSA-N
前胡,QIQXTHQIDYTFRH-UHFFFAOYSA-N
枇杷叶,YCOZIPAWZNQLMR-UHFFFAOYSA-N
枇杷叶,NDJKXXJCMXVBJW-UHFFFAOYSA-N
枇杷叶,CBFCDTFDPHXCNY-UHFFFAOYSA-N
前胡,FNAZRRHPUDJQCJ-UHFFFAOYSA-N
枇杷叶,ZALHPSXXQIPKTQ-SNVBAGLBSA-N
枇杷叶,JHIVVAPYMSGYDF-UHFFFAOYSA-N
枇杷叶,LTUMRKDLVGQMJU-IUBLYSDUSA-N
麻黄,LTUMRKDLVGQMJU-IUBLYSDUSA-N
前胡,FLIACVVOZYBSBS-UHFFFAOYSA-N
枇杷叶,FIGVVZUWCLSUEI-UHFFFAOYSA-N
麻黄,BGHCVCJVXZWKCC-UHFFFAOYSA-N
紫苏子,MXDMETWAEGIFOE-GJZGRUSLSA-N
前胡,WRYLYDPHFGVWKC-JTQLQIEISA-N
麻黄,CXENHBSYCFFKJS-VDQVFBMKSA-N
麻黄,NUQDPKOFUKFKFD-BGOOENEXSA-N
紫苏子,NUQDPKOFUKFKFD-BGOOENEXSA-N
麻黄,XZRVRYFILCSYSP-HNNXBMFYSA-N
枇杷叶,XIRNKXNNONJFQO-UHFFFAOYSA-N
麻黄,XIRNKXNNONJFQO-UHFFFAOYSA-N
枇杷叶,KJPRLNWUNMBNBZ-QPJJXVBHSA-N
麻黄,KJPRLNWUNMBNBZ-QPJJXVBHSA-N
枇杷叶,IVSZLXZYQVIEFR-UHFFFAOYSA-N
紫苏子,IVSZLXZYQVIEFR-UHFFFAOYSA-N
枇杷叶,URLKBWYHVLBVBO-UHFFFAOYSA-N
麻黄,UWKAYLJWKGQEPM-LBPRGKRZSA-N
麻黄,RXBQNMWIQKOSCS-IUCAKERBSA-N
枇杷叶,DCSCXTJOXBUFGB-JGVFFNPUSA-N
麻黄,YMBFCQPIMVLNIU-KFWWJZLASA-N
紫苏子,YMBFCQPIMVLNIU-KFWWJZLASA-N
麻黄,AEVLWICMAHGAMS-SNVBAGLBSA-N
麻黄,RUMOYJJNUMEFDD-SNVBAGLBSA-N
前胡,DCSCXTJOXBUFGB-SFYZADRCSA-N
枇杷叶,FQTLCLSUCSAZDY-ATGUSINASA-N
枇杷叶,WRMNZCZEMHIOCP-UHFFFAOYSA-N
枇杷叶,WVDDGKGOMKODPV-UHFFFAOYSA-N
麻黄,WVDDGKGOMKODPV-UHFFFAOYSA-N
枇杷叶,NNICRUQPODTGRU-MRVPVSSYSA-N
麻黄,UQDUPQYQJKYHQI-UHFFFAOYSA-N
枇杷叶,IMKHDCBNRDRUEB-NSHDSACASA-N
枇杷叶,TUNFSRHWOTWDNC-UHFFFAOYSA-N
枇杷叶,HOWGUJZVBDQJKV-UHFFFAOYSA-N
枇杷叶,BOTWFXYSPFMFNR-PYDDKJGSSA-N
蝉蜕,IBGBGRVKPALMCQ-UHFFFAOYSA-N
枇杷叶,KRKNYBCHXYNGOX-UHFFFAOYSA-N
枇杷叶,BJEPYKJPYRNKOW-REOHCLBHSA-N
枇杷叶,VLXDPFLIRFYIME-QRTUWBSPSA-N
紫苏子,VLXDPFLIRFYIME-QRTUWBSPSA-N
麻黄,SATQWIIUJKWZNO-SCZZXKLOSA-N
枇杷叶,UZFLPKAIBPNNCA-ABZNLYFFSA-N
枇杷叶,YOMSJEATGXXYPX-UHFFFAOYSA-N
枇杷叶,SIKJAQJRHWYJAI-UHFFFAOYSA-N
麻黄,HPEUJPJOZXNMSJ-UHFFFAOYSA-N
麻黄,HJOVHMDZYOCNQW-UHFFFAOYSA-N
麻黄,BDAGIHXWWSANSR-UHFFFAOYSA-N
枇杷叶,FEWJPZIEWOKRBE-XIXRPRMCSA-N
枇杷叶,WHWDWIHXSPCOKZ-IRXDYDNUSA-N
麻黄,WHWDWIHXSPCOKZ-IRXDYDNUSA-N
前胡,IGWDEVSBEKYORK-UHFFFAOYSA-N
紫苏子,NCEZGAAXVCBWBV-ZTIMHPMXSA-N
前胡,HXCGUCZXPFBNRD-NEDVQNLSSA-N
前胡,ZCCUUQDIBDJBTK-UHFFFAOYSA-N
枇杷叶,CWVRJTMFETXNAD-JUHZACGLSA-N
枇杷叶,XEZVDURJDFGERA-UHFFFAOYSA-N
前胡,NVEQFIOZRFFVFW-GUIRCDHDSA-N
枇杷叶,YXFVVABEGXRONW-UHFFFAOYSA-N
麻黄,YXFVVABEGXRONW-UHFFFAOYSA-N
紫苏子,YXFVVABEGXRONW-UHFFFAOYSA-N
枇杷叶,MGSRCZKZVOBKFT-UHFFFAOYSA-N
枇杷叶,FUZZWVXGSFPDMH-UHFFFAOYSA-N
紫苏子,XUEHVOLRMXNRKQ-KHMAMNHCSA-N
枇杷叶,ICKWICRCANNIBI-UHFFFAOYSA-N
麻黄,FLKPEMZONWLCSK-UHFFFAOYSA-N
麻黄,GQVMHMFBVWSSPF-SOYUKNQTSA-N
紫苏子,FMXKKHBXBBAQBC-UHFFFAOYSA-N
麻黄,XLPDVYGDNRIQFV-UHFFFAOYSA-N
麻黄,XJWZDXFFNOMMTD-JTQLQIEISA-N
紫苏子,GXDHCNNESPLIKD-UHFFFAOYSA-N
麻黄,RFFOTVCVTJUTAD-AOOOYVTPSA-N
前胡,QYDYPVFESGNLHU-KHPPLWFESA-N
麻黄,UPJFTVFLSIQQAV-KOLCDFICSA-N
麻黄,WBYWAXJHAXSJNI-VOTSOKGWSA-N
麻黄,UFLHIIWVXFIJGU-ARJAWSKDSA-N
枇杷叶,ZFMSMUAANRJZFM-UHFFFAOYSA-N
枇杷叶,PSQYTAPXSHCGMF-BQYQJAHWSA-N
前胡,RSJKGSCJYJTIGS-UHFFFAOYSA-N
紫苏子,RSJKGSCJYJTIGS-UHFFFAOYSA-N
枇杷叶,PHWISBHSBNDZDX-GJZGRUSLSA-N
枇杷叶,UHEPJGULSIKKTP-UHFFFAOYSA-N
枇杷叶,FQTLCLSUCSAZDY-QKXCFHHRSA-N
麻黄,FQTLCLSUCSAZDY-QKXCFHHRSA-N
麻黄,YEJRWHAVMIAJKC-UHFFFAOYSA-N
前胡,BMLZFLQMBMYVHG-UHFFFAOYSA-N
枇杷叶,MBDOYVRWFFCFHM-SNAWJCMRSA-N
枇杷叶,YNQLUTRBYVCPMQ-UHFFFAOYSA-N
紫苏子,YNQLUTRBYVCPMQ-UHFFFAOYSA-N
前胡,PDSNLYSELAIEBU-ABHRYQDASA-N
麻黄,PKBSGDQYUYBUDY-UHFFFAOYSA-N
枇杷叶,VHVMXWZXFBOANQ-YFKPBYRVSA-N
枇杷叶,KPQMCAKZRXOZLB-KOIHBYQTSA-N
枇杷叶,WLAMNBDJUVNPJU-SCSAIBSYSA-N
前胡,YWJXCIXBAKGUKZ-HJJNZUOJSA-N
麻黄,GOZCEKPKECLKNO-RKQHYHRCSA-N
麻黄,TXFPEBPIARQUIG-UHFFFAOYSA-N
麻黄,IWDCLRJOBJJRNH-UHFFFAOYSA-N
枇杷叶,ZRSNZINYAWTAHE-UHFFFAOYSA-N
麻黄,KRCZYMFUWVJCLI-OPRDCNLKSA-N
枇杷叶,NIONDZDPPYHYKY-SNAWJCMRSA-N
枇杷叶,NQPDZGIKBAWPEJ-UHFFFAOYSA-N
枇杷叶,XZRVRYFILCSYSP-OAHLLOKOSA-N
枇杷叶,SESFRYSPDFLNCH-UHFFFAOYSA-N
麻黄,AMQJEAYHLZJPGS-UHFFFAOYSA-N
枇杷叶,FBUKVWPVBMHYJY-UHFFFAOYSA-N
紫苏子,FLESKWMKPOBWDE-UHFFFAOYSA-N
枇杷叶,LABTWGUMFABVFG-ONEGZZNKSA-N
枇杷叶,CRDAMVZIKSXKFV-PVMFERMNSA-N
紫苏子,GAIBLDCXCZKKJE-RXJOXMPGSA-N
麻黄,AMIMRNSIRUDHCM-UHFFFAOYSA-N
枇杷叶,ZCTQGTTXIYCGGC-UHFFFAOYSA-N
麻黄,BBMCTIGTTCKYKF-UHFFFAOYSA-N
麻黄,FMDLEUPBHMCPQV-GQCTYLIASA-N
麻黄,POIARNZEYGURDG-FNORWQNLSA-N
麻黄,FSPSELPMWGWDRY-UHFFFAOYSA-N
紫苏子,FTSINDMZMFBWFS-JSGCOSHPSA-N
前胡,FOBXOZMHEKILEY-PBOSXPJTSA-N
麻黄,CUUMXRBKJIDIAY-ZDUSSCGKSA-N
麻黄,SPCXZDDGSGTVAW-RFVSLCSESA-N
前胡,XDROKJSWHURZGO-UHFFFAOYSA-N
紫苏子,IZFGRAGOVZCUFB-HJWRWDBZSA-N
紫苏子,YABASAWVVRQMEU-YBXTVTTCSA-N
枇杷叶,HBEDSQVIWPRPAY-UHFFFAOYSA-N
麻黄,YIWUKEYIRIRTPP-MRVPVSSYSA-N
麻黄,HPZWSJQQCJZBBG-LQPGMRSMSA-N
麻黄,RAHRTJHAYXOITA-DTWKUNHWSA-N
枇杷叶,FIPPFBHCBUDBRR-UHFFFAOYSA-N
枇杷叶,OVSQVDMCBVZWGM-DTGCRPNFSA-N
枇杷叶,JPUKWEQWGBDDQB-DTGCRPNFSA-N
麻黄,QTBSBXVTEAMEQO-UHFFFAOYSA-N
枇杷叶,ZZTYPLSBNNGEIS-OPAXANQDSA-N
紫苏子,FNWWOHKUXFTKGN-UHFFFAOYSA-N
紫苏子,NUKZAGXMHTUAFE-UHFFFAOYSA-N
前胡,PNTWXEIQXBRCPS-JLTIQLCOSA-N
麻黄,JGHZJRVDZXSNKQ-UHFFFAOYSA-N
紫苏子,WRHGORWNJGOVQY-QLFBSQMISA-N
麻黄,BOTWFXYSPFMFNR-IHKHCKEISA-N
枇杷叶,HCIBTBXNLVOFER-UHFFFAOYSA-N
前胡,UIERETOOQGIECD-ARJAWSKDSA-N
前胡,BKIMMITUMNQMOS-UHFFFAOYSA-N
麻黄,BICQNTHTPOXVIU-UHFFFAOYSA-N
枇杷叶,XSIFPSYPOVKYCO-UHFFFAOYSA-N
麻黄,AXIUBBVSOWPLDA-UHFFFAOYSA-N
麻黄,VOLMSPGWNYJHQQ-SCSAIBSYSA-N
紫苏子,BITHHVVYSMSWAG-KTKRTIGZSA-N
前胡,AIONOLUJZLIMTK-CQSZACIVSA-N
麻黄,LTMQZVLXCLQPCT-UHFFFAOYSA-N
紫苏子,UWKAYLJWKGQEPM-GFCCVEGCSA-N
枇杷叶,RDUAJIJVNHKTQC-UJECXLDQSA-N
枇杷叶,HNRMPXKDFBEGFZ-UHFFFAOYSA-N
枇杷叶,HSOMNBKXPGCNBH-UHFFFAOYSA-N
紫苏子,YRHYCMZPEVDGFQ-UHFFFAOYSA-N
紫苏子,IMXDCJPVYKXJPD-FMOJUEAUSA-N
枇杷叶,HFGSQOYIOKBQOW-ZSDYHTTISA-N
枇杷叶,IKYKEVDKGZYRMQ-PDBXOOCHSA-N
枇杷叶,MDZKJHQSJHYOHJ-LLICELPBSA-N
麻黄,GTCCGKPBSJZVRZ-RFZPGFLSSA-N
枇杷叶,MWFMGBPGAXYFAR-UHFFFAOYSA-N
紫苏子,CIPXOBMYVWRNLL-SECBINFHSA-N
紫苏子,NDTYTMIUWGWIMO-JTQLQIEISA-N
枇杷叶,FONXOARHSFUBAN-OAHLLOKOSA-N
前胡,QURCVMIEKCOAJU-HWKANZROSA-N
麻黄,LIMAEKMEXJTSNI-SSDOTTSWSA-N
枇杷叶,LHYHMMRYTDARSZ-KBXIAJHMSA-N
紫苏子,BOWJPMUUGHPAAF-VJUFAYPDSA-N
枇杷叶,PFTAWBLQPZVEMU-UKRRQHHQSA-N
紫苏子,IJXHLVMUNBOGRR-UHFFFAOYSA-N
前胡,JXSVIVRDWWRQRT-UYDOISQJSA-N
紫苏子,LNLCRJXCNQABMV-UHFFFAOYSA-N
枇杷叶,XFZJEEAOWLFHDH-NFJBMHMQSA-N
麻黄,YVLHTQPPMZOCOW-UHFFFAOYSA-N
紫苏子,UNJJBGNPUUVVFQ-NXEZZACHSA-N
紫苏子,RSMKYRDCCSNYFM-AAGDOFLISA-N
紫苏子,BZHMBWZPUJHVEE-UHFFFAOYSA-N
麻黄,HYTRYEXINDDXJK-UHFFFAOYSA-N
麻黄,NTIZESTWPVYFNL-UHFFFAOYSA-N
前胡,QUQPHWDTPGMPEX-QJBIFVCTSA-N
枇杷叶,YUAYWSBSIJVIBS-UHFFFAOYSA-N
麻黄,RBGLEUBCAJNCTR-GFCCVEGCSA-N
麻黄,XNCNNDVCAUWAIT-UHFFFAOYSA-N
麻黄,BTSIZIIPFNVMHF-ONEGZZNKSA-N
枇杷叶,BRHDDEIRQPDPMG-WCBMZHEXSA-N
紫苏子,FXCDESKKWMGGON-KHPPLWFESA-N
紫苏子,JMLYDLZRFNYHHO-UHFFFAOYSA-N
前胡,IKHGUXGNUITLKF-UHFFFAOYSA-N
麻黄,OTMSDBZUPAUEDD-UHFFFAOYSA-N
麻黄,YGYNBBAUIYTWBF-UHFFFAOYSA-N
五味子,IMDRGXDKZPAJCS-ADKRDUOOSA-N
枇杷叶,MZNIJRAPCCELQX-AWOKGZDASA-N
枇杷叶,FWMPKHMKIJDEMJ-UHFFFAOYSA-N
枇杷叶,OXGUCUVFOIWWQJ-XIMSSLRFSA-N
枇杷叶,WOGVWUCXENBLIV-QWHCGFSZSA-N
紫苏子,HUNLTIZKNQDZEI-PGFZVWMDSA-N
麻黄,QPRQEDXDYOZYLA-RXMQYKEDSA-N
枇杷叶,BGTBFNDXYDYBEY-FNORWQNLSA-N
枇杷叶,SOSLMHZOJATCCP-MKMJNHTISA-N
紫苏子,IGOWHGRNPLFNDJ-ZPHPHTNESA-N
麻黄,XINCECQTMHSORG-UHFFFAOYSA-N
麻黄,SBZWTSHAFILOTE-SOUVJXGZSA-N
麻黄,HSUIVCLOAAJSRE-UHFFFAOYSA-N
麻黄,ZCHHRLHTBGRGOT-SNAWJCMRSA-N
麻黄,CZCBTSFUTPZVKJ-VHSXEESVSA-N
麻黄,HHPJDYZRNRHFBT-UMNHJUIQSA-N
麻黄,REPVLJRCJUVQFA-MAUMQABQSA-N
麻黄,KIKXGIRAIYTCRB-GQCTYLIASA-N
麻黄,FCNAWUZWKZOHKE-FNORWQNLSA-N
麻黄,DQTVJLHNWPRPPH-BRPSZJMVSA-N
麻黄,GCXZDAKFJKCPGK-ZETCQYMHSA-N
麻黄,NODLZCJDRXTSJO-UHFFFAOYSA-N
麻黄,GGZHVNZHFYCSEV-UHFFFAOYSA-N
麻黄,LEACJMVNYZDSKR-HXUWFJFHSA-N
麻黄,NYJYFSGMYHSTNZ-UHFFFAOYSA-N
麻黄,JOLQKTGDSGKSKJ-RXMQYKEDSA-N
麻黄,WFHALSLYRWWUGH-UHFFFAOYSA-N
麻黄,PXVDJCUOLUKTHN-AWEZNQCLSA-N
麻黄,BIWVHGWGBMHTTP-SCSAIBSYSA-N
麻黄,ACWQBUSCFPJUPN-HWKANZROSA-N
麻黄,HQGZPWAEVPKJCP-VKRISJQJSA-N
麻黄,YIYBQIKDCADOSF-ONEGZZNKSA-N
麻黄,IJDNXMNCGKAWHQ-YWEYNIOJSA-N
麻黄,FOMAOEPKZJWTIQ-XLHJHJRISA-N
麻黄,AJSJXSBFZDIRIS-SECBINFHSA-N
麻黄,KOXWOWPVSGRFCZ-YDFGWWAZSA-N
麻黄,SRJCJJKWVSSELL-UHFFFAOYSA-N
麻黄,CIPXOBMYVWRNLL-VIFPVBQESA-N
麻黄,GKYWZUBZZBHZKU-UHFFFAOYSA-N
麻黄,NQUVCRCCRXRJCK-UHFFFAOYSA-N
麻黄,HCZHHEIFKROPDY-UHFFFAOYSA-N
麻黄,VMHVFMBDCWCBHO-UHFFFAOYSA-N
麻黄,DPWGJNPCPLQVKQ-UHFFFAOYSA-N
麻黄,FMLPQHJYUZTHQS-QMMMGPOBSA-N
麻黄,RIWRFSMVIUAEBX-UHFFFAOYSA-N
麻黄,MKVBITWQDIIUMF-UHFFFAOYSA-N
麻黄,ZAKWGQOSOHQPJA-VIFPVBQESA-N
麻黄,POSICDHOUBKJKP-UHFFFAOYSA-N
麻黄,UGUYQBMBIJFNRM-OQFOIZHKSA-N
麻黄,YMWUJEATGCHHMB-UHFFFAOYSA-N
麻黄,ZRYRILAFFDKOPB-UHFFFAOYSA-N
麻黄,DENRZWYUOJLTMF-UHFFFAOYSA-N
麻黄,GNJARWZWODMTDR-ZHACJKMWSA-N
麻黄,VVBWOSGRZNCEBX-MDZDMXLPSA-N
麻黄,NETFCXRVZRPAMW-MRVPVSSYSA-N
麻黄,KQNPFQTWMSNSAP-UHFFFAOYSA-N
麻黄,BLJZJGBAGDQSHC-BBRMVZONSA-N
麻黄,UZFLPKAIBPNNCA-QDZRJHCZSA-N
麻黄,FSVMLWOLZHGCQX-KKUMJFAQSA-N
麻黄,YJFOZRTWRVNHOG-JTQLQIEISA-N
麻黄,JIWLOZPAQDZWQN-UHFFFAOYSA-N
麻黄,FGERVCLCFFPGCV-SREVYHEPSA-N
麻黄,JWRJGMUBDGIGRT-ZJUUUORDSA-N
麻黄,MVZZUMCHPFHUOS-HYFYGGESSA-N
麻黄,DTRZHUVXUBAFPR-CQGXHNHQSA-N
麻黄,AXISYYRBXTVTFY-UHFFFAOYSA-N
麻黄,NETOHYFTCONTDT-JTQLQIEISA-N
麻黄,JOFOGAWAGWXVMG-MUGBGTHKSA-N
枇杷叶,XNZIMRUZBOZIBC-JVRMVBBZSA-N
牛蒡子,BQAUNBCJFDCZFB-NUZYTJEESA-N
牛蒡子,ZBAWFXNLUOUBMU-UZKXTFAWSA-N
牛蒡子,UZWZHUIBKPSRGH-XFBWMNOSSA-N
牛蒡子,TYEFCPJCPSRVMT-WVKQWSHJSA-N
牛蒡子,FGCVUJGUQUFWLT-MRVPVSSYSA-N
牛蒡子,YMWGUENGTNUIRA-KFNKAPHNSA-N
牛蒡子,PYLYQTVVQXPBIJ-WHODCNHJSA-N
牛蒡子,BWOAMGHNXHLWMX-MWNMUAJNSA-N
牛蒡子,HDTODGZKAUQBPM-SFEHUVEHSA-N
牛蒡子,ASYBYLYCBSRGRZ-LCPRXIPOSA-N
牛蒡子,YXNKOCZXAVTXTG-KPUNKJPFSA-N
枇杷叶,PMMLIVYPEUJENN-KGLIPLIRSA-N
枇杷叶,SZOPSAFLRCYJCX-ITEOXOHJSA-N
枇杷叶,MDCGEAGEQVMWPE-SXGMEYSMSA-N
枇杷叶,OISVCGZHLKNMSJ-UHFFFAOYSA-N
前胡,OMMLUKLXGSRPHK-UHFFFAOYSA-N
麻黄,CQUUHDQRJWXDPY-UHFFFAOYSA-N
蝉蜕,RCEWLGWTZHROAQ-CLJKYYQGSA-N
蝉蜕,VUANWDRZYTXGPI-UXHICEINSA-N
蝉蜕,MXCCEJSRHCXZMV-UXHICEINSA-N
蝉蜕,OFSAJYZMIPNPHE-UHFFFAOYSA-N
前胡,PROQIPRRNZUXQM-WJQMWINMSA-N
枇杷叶,WONIGEXYPVIKFS-YIZRAAEISA-N
前胡,WONIGEXYPVIKFS-YIZRAAEISA-N
枇杷叶,LCTOQECBRZFOCD-MXWZVQRBSA-N
枇杷叶,VPQWOQSQAVBHEV-PFGOOLOPSA-N
枇杷叶,LCTOQECBRZFOCD-SSAHSMSHSA-N
枇杷叶,VPQWOQSQAVBHEV-VHLXACGYSA-N
枇杷叶,WGPMCTNBJPAHNW-XMFKURHCSA-N
枇杷叶,KPQMCAKZRXOZLB-ZWXQHPBJSA-N
枇杷叶,ZHAMWJWQXSZIAQ-UUEBMZDHSA-N
枇杷叶,MOOXSHZEQJWTJN-XVZOQXCRSA-N
枇杷叶,WSFDNTMCFUSSDT-UHFFFAOYSA-N
枇杷叶,VULLSLYDWNGNKZ-MFGNYKEPSA-N
枇杷叶,RMQHJMMCLSJULX-UHFFFAOYSA-N
枇杷叶,XTIADNINQBIUNR-MGPQQGTHSA-N
枇杷叶,SWEBUECVVVXRRV-ASWZOFHKSA-N
枇杷叶,SWEBUECVVVXRRV-BTPDPNQZSA-N
枇杷叶,LJORXTIGOHMBOS-USCDJZDESA-N
枇杷叶,IFIQVSCCFRXSJV-RDPRLGEGSA-N
枇杷叶,XJMYUPJDAFKICJ-WTJBWYJISA-N
枇杷叶,HFGSQOYIOKBQOW-WBHIHDFUSA-N
枇杷叶,ZIUBBQMVFJKVLH-IZRWRARFSA-N
枇杷叶,ZYVYVSDVVCCWKV-UUBQFOIPSA-N
枇杷叶,NQWFSCYWTXQNGG-NWDGAFQWSA-N
紫苏子,NQWFSCYWTXQNGG-NWDGAFQWSA-N
枇杷叶,YGPVLXJHRFZYJJ-PHIMTYICSA-N
枇杷叶,MFPIVTNHMCQSEM-HHKAVTKTSA-N
枇杷叶,WSWPNGAODCKAHB-KMBFMYJWSA-N
枇杷叶,OEYGTUAKNZFCDJ-UHFFFAOYSA-N
枇杷叶,ZXBSYLMNSMGZDK-HJDAZAFSSA-N
枇杷叶,UEEJDIUOCUCVHN-PWSUYJOCSA-N
枇杷叶,BADLIHLSVRPCFC-UOYQJOQHSA-N
枇杷叶,JPGOJQJBPLCRQP-RLLACWQESA-N
枇杷叶,JPGOJQJBPLCRQP-IYPCKGIKSA-N
枇杷叶,YXHLCYIRSXOVHP-QWHCGFSZSA-N
枇杷叶,OTJVLQGVNKNLCB-NSCUHMNNSA-N
枇杷叶,YAQUQAWUOHDAOP-QWHCGFSZSA-N
枇杷叶,JPGOJQJBPLCRQP-NMELGPLZSA-N
枇杷叶,LKCOZWLUAKSRQM-IBUUURQNSA-N
枇杷叶,LKCOZWLUAKSRQM-UMAWSMADSA-N
枇杷叶,AKZBEMDOKOHIFM-UMAWSMADSA-N
枇杷叶,VQTJQDXXZTXQEJ-GWOLSTBDSA-N
枇杷叶,AKZBEMDOKOHIFM-IBUUURQNSA-N
枇杷叶,LHYHMMRYTDARSZ-CBBWQLFWSA-N
枇杷叶,OKJJBTUOKCQSPH-PWRODBHTSA-N
枇杷叶,IPAVEOUAXMIIKX-UHFFFAOYSA-N
枇杷叶,FFYPJOJFUJFYAT-KNOKEGLCSA-N
枇杷叶,AFWVBXLXFDAISA-GVPLXGEFSA-N
枇杷叶,JXBSHSBNOVLGHF-BUJBXKITSA-N
枇杷叶,ZGIGZINMAOQWLX-RWIOWDNPSA-N
枇杷叶,ZHYZQXUYZJNEHD-VQHVLOKHSA-N
枇杷叶,VMUXSMXIQBNMGZ-UHFFFAOYSA-N
枇杷叶,GYTGOLDQGRPDNF-VNKDHWASSA-N
枇杷叶,NWMZTOONDHKIFF-VFXQKZRRSA-N
枇杷叶,BCHWMYDOMQLVHG-ZFWWWQNUSA-N
枇杷叶,CQLRUIIRRZYHHS-HEQLHBKPSA-N
枇杷叶,KMOHJUXDKSMQOG-PLCJMOFISA-N
枇杷叶,OHOBPOYHROOXEI-BGFAFPEJSA-N
枇杷叶,LSKNLYAHNCVSEU-UFIDQMSTSA-N
枇杷叶,KMOHJUXDKSMQOG-IALTUJHNSA-N
枇杷叶,ZEJXENDZTYVXDP-CSJHBIPPSA-N
枇杷叶,LSKNLYAHNCVSEU-XKVAPKLESA-N
枇杷叶,KMOHJUXDKSMQOG-AAVIREROSA-N
枇杷叶,KMOHJUXDKSMQOG-CPUVFPGGSA-N
枇杷叶,YNQOIVDFOQDGJY-IXJYJJEJSA-N
枇杷叶,BRZWXKGDPAZBLF-PWZGRCAQSA-N
枇杷叶,OTDUGESKRJHFHR-DGGIYYFISA-N
枇杷叶,PDFVBOBULUSKAW-UHFFFAOYSA-N
枇杷叶,HIAIQDVRFUXFLS-BZRYHGGQSA-N
枇杷叶,FQTLCLSUCSAZDY-SZGZABIGSA-N
枇杷叶,NLQYAUOYHNMEPR-ZDYKNEDSSA-N
枇杷叶,RTDSIIMUYUALQO-FHACWNKOSA-N
枇杷叶,ATWXTQLIHDYQCP-NLCRPGFGSA-N
枇杷叶,TZDMGBLPGZXHJI-JGVFFNPUSA-N
枇杷叶,NKFZLEYLWAFYEH-CJNLAGEVSA-N
枇杷叶,OIUBYZLTFSLSBY-HIXQXHRCSA-N
枇杷叶,QPHXPNUXTNHJOF-XNFUJFQVSA-N
枇杷叶,AIBOHNYYKWYQMM-XQLPMABESA-N
枇杷叶,IRWLDXUJBJPFNV-JQWIXIFHSA-N
枇杷叶,XUARCIYIVXVTAE-KTCBTLHRSA-N
枇杷叶,GLXYIAICGSHOCA-FFBCYXQWSA-N
枇杷叶,CWOFGGNDZOPNFG-ZWNOBZJWSA-N
枇杷叶,RGZSQWQPBWRIAQ-GJZGRUSLSA-N
枇杷叶,JBFHTYHTHYHCDJ-RXMQYKEDSA-N
紫苏子,DUWQEMMRMJGHSA-SNAWJCMRSA-N
紫苏子,MNNFKQAYXGEKFA-AMVBZWJASA-N
紫苏子,QPFMBZIOSGYJDE-UHFFFAOYSA-N
紫苏子,JTZDQRQJYHFOLP-HAQNSBGRSA-N
紫苏子,WHIJSULEEDNKPD-QGZVFWFLSA-N
紫苏子,BVMYHHZHLJPRQI-QEEWUKHFSA-N
紫苏子,LLYUQTVONAGBRD-UHFFFAOYSA-N
紫苏子,LMCOQDVJBWVNNI-UHFFFAOYSA-N
紫苏子,FHTKYSNAPXOHOI-GJMOJQLCSA-N
紫苏子,DCLHWYSXBSMRRM-UHFFFAOYSA-N
紫苏子,KPWDGTGXUYRARH-UHFFFAOYSA-N
紫苏子,ZWMFGIJPJXEKCV-ZCFIWIBFSA-N
紫苏子,MMKJXJXYQZCQPL-UHFFFAOYSA-N
紫苏子,CFYUBZHJDXXXQE-YUMQZZPRSA-N
紫苏子,LQYIDOFTTFCXEO-IAGOWNOFSA-N
紫苏子,PUFZOQWAWMKJAQ-BYPYZUCNSA-N
紫苏子,GPKDGVXBXQTHRY-UHFFFAOYSA-N
紫苏子,MJNRFYZBHDTOEX-BIIVOSGPSA-N
紫苏子,ZYTMANIQRDEHIO-AEJSXWLSSA-N
紫苏子,JPFTUUXPCFNLIX-UHFFFAOYSA-N
紫苏子,XMXUYXIFVYQLKJ-UHFFFAOYSA-N
紫苏子,CSKINCSXMLCMAR-JRPNMDOOSA-N
紫苏子,DICCPNLDOZNSML-MUQOESGTSA-N
紫苏子,QJZNRCWAXUGABH-UHFFFAOYSA-N
紫苏子,VIRWKAJWTKAIMA-UHFFFAOYSA-N
紫苏子,KQDDQXNVESLJNO-UHFFFAOYSA-N
紫苏子,LPZCCMIISIBREI-ZXBKQEFASA-N
紫苏子,OPFTUNCRGUEPRZ-RRFJBIMHSA-N
紫苏子,PAFZNILMFXTMIY-UHFFFAOYSA-N
紫苏子,BBWMTEYXFFWPIF-CJBMEHDJSA-N
紫苏子,IQQDLHGWGKEQDS-VOTSOKGWSA-N
紫苏子,HGKZMFCXZIIEEU-GZTJUZNOSA-N
紫苏子,INKQLYSQWHBEGS-ISLYRVAYSA-N
紫苏子,RUMOYJJNUMEFDD-JTQLQIEISA-N
紫苏子,MTYBJKMGPVGKGM-UHFFFAOYSA-N
紫苏子,JUKUHBMHFZORKU-UHFFFAOYSA-N
紫苏子,SORUNZRWXXOVLF-OJOKCITNSA-N
紫苏子,LRMLWYXJORUTBG-UHFFFAOYSA-N
前胡,SGTCGCCQZOUMJJ-YMILTQATSA-N
前胡,ALEQYOXVXJKFOM-KTZZUYPUSA-N
前胡,DQISGWRLCDLKJI-YPMHNXCESA-N
前胡,UFUVJROSOIXJGR-MKKZQTCBSA-N
前胡,XGPBRZDOJDLKOT-CIRUDOSSSA-N
前胡,PNTWXEIQXBRCPS-AKRYRNCVSA-N
前胡,VPAOSFFTKWUGAD-TVKJYDDYSA-N
前胡,WBHVRMWEPJHOHP-ZZVYKPCYSA-N
前胡,FRPSUTLKKACGJQ-KBPBESRZSA-N
前胡,LYUZYPKZQDYMEE-CCGSVPMNSA-N
前胡,MUUUFZDPULWTHA-PRHODGIISA-N
前胡,SXPBJYHKMRWZNA-PTLCLHEHSA-N
前胡,BPBRRMGZTUDRDI-LDSJTTMQSA-N
前胡,UJSHBYQGQRPVNO-LLVKDONJSA-N
前胡,CKHYWBSGQWYTKJ-QDBANPLVSA-N
前胡,JVCJUTNJQMKKCK-CYBMUJFWSA-N
前胡,QPLSCFLMIOADPA-AVTSYZAUSA-N
前胡,CPXPWRXPEOMRNV-UHFFFAOYSA-N
前胡,RRHCDWLSHIIIIT-NVWZYQMFSA-N
前胡,WRTWKAQFZYXAEJ-LBPRGKRZSA-N
前胡,JWWFVRMFYKPZNE-CKFSJGLGSA-N
前胡,FVFQELHSZVFPDZ-VIFPVBQESA-N
前胡,GNMUGVNEWCZUAA-WOWYBKFKSA-N
前胡,QYFSANXOEHYVFG-NKWVEPMBSA-N
前胡,CHXXLEUCXDMIPM-UHFFFAOYSA-N
前胡,UMRZSTCPUPJPOJ-KNVOCYPGSA-N
前胡,DLCJNIBLOSKIQW-UHFFFAOYSA-N
麻黄,MKZIRHIVARSBHI-AEGPPILISA-N
牛蒡子,BHLWLVTYEDJFGZ-UHFFFAOYSA-N
麻黄,BHLWLVTYEDJFGZ-UHFFFAOYSA-N
麻黄,ZQEKBPUAGJKEQO-RTBHSVIDSA-N
麻黄,IYRMWMYZSQPJKC-UHFFFAOYSA-M
五味子,GLZPCOQZEFWAFX-UHFFFAOYSA-N
麻黄,GLZPCOQZEFWAFX-UHFFFAOYSA-N
麻黄,KWOLFJPFCHCOCG-VIQYUKPQSA-N
五味子,YKXLOLXPAVQFLX-HCUGZAAXSA-N
枇杷叶,PYYYNPWDFQPSPH-UHFFFAOYSA-N
五味子,MLGBLGQFPHASJN-CMHZAAPWSA-N
五味子,VLLFEMVDMFTBHG-WJFJJPEGSA-N
五味子,OGJPBGDUYKEQLA-UHFFFAOYSA-N
五味子,BKGUPIVDQHHVMV-UHFFFAOYSA-N
五味子,DEBBYPCBXVYUCZ-ZFHFFRAFSA-N
五味子,NQZCQIDFBYCBAU-MSMJHJSDSA-N
五味子,YUFFSWGQGVEMMI-UHFFFAOYSA-N
五味子,NLJJSPKWNBUDNS-UHFFFAOYSA-N
麻黄,LLSBIRUUVPUDMV-UHFFFAOYSA-N
麻黄,UYLBTGMINJIZAG-UHFFFAOYSA-N
牛蒡子,BBULJOHFYQCRDQ-UHFFFAOYSA-N
紫苏子,BSAIUMLZVGUGKX-UHFFFAOYSA-N
紫苏叶,BSAIUMLZVGUGKX-UHFFFAOYSA-N
枇杷叶,XOBNESJVGLDEKS-UHFFFAOYSA-N
前胡,FWYSBEAFFPBAQU-UHFFFAOYSA-N
麻黄,ZTUXEFFFLOVXQE-UHFFFAOYSA-N
枇杷叶,YQHKFGNMJPMUDY-UHFFFAOYSA-N
枇杷叶,AIBOHNYYKWYQMM-GELUXPMISA-N
枇杷叶,SWYRVCGNMNAFEK-UHFFFAOYSA-N
麻黄,URPOYURDCLCHHB-ICUOVBAUSA-M
紫苏叶,KQUXIDHXURERGI-HNCPQSOCSA-N
麻黄,SWUARLUWKZWEBQ-UHFFFAOYSA-N
麻黄,CEGDZSHEIZACBG-UHFFFAOYSA-L
蝉蜕,BNJFLPKUALUAFG-UHFFFAOYSA-N
